,player_name,team_abbreviation,age,player_height_cm,player_weight_lbs,college,country,draft_year,draft_round,draft_number,games_played,pts,reb,ast,net_rating,oreb_pct,dreb_pct,usg_pct,ts_pct,ast_pct,season,season_categorical,season_period
11700,Usman Garuba,HOU,20.0,203.2,229.0,,Spain,2021.0,1.0,23.0,24,2.0,3.5,0.7,7.0,0.083,0.263,0.091,0.51,0.084,2021-22,2021-22,2021
11701,Vlatko Cancar,DEN,25.0,203.2,236.0,,Slovenia,2017.0,2.0,49.0,15,4.1,2.1,1.1,0.8,0.0409999999999999,0.133,0.131,0.657,0.139,2021-22,2021-22,2021
11702,Vit Krejci,OKC,22.0,203.2,195.0,,Czech Republic,2020.0,2.0,37.0,30,6.2,3.4,1.9,-12.8,0.024,0.121,0.125,0.529,0.1169999999999999,2021-22,2021-22,2021
11703,Victor Oladipo,MIA,30.0,193.04,213.0,Indiana,USA,2013.0,1.0,2.0,8,12.4,2.9,3.5,-1.4,0.017,0.11,0.247,0.608,0.2769999999999999,2021-22,2021-22,2021
11704,Vernon Carey Jr.,WAS,21.0,205.74,270.0,Duke,USA,2020.0,2.0,32.0,7,2.9,1.7,0.0,-47.6,0.145,0.093,0.179,0.534,0.0,2021-22,2021-22,2021
11705,Wayne Ellington,LAL,34.0,193.04,207.0,North Carolina,USA,2009.0,1.0,28.0,43,6.7,1.8,0.7,-3.8,0.012,0.078,0.135,0.593,0.055,2021-22,2021-22,2021
11706,Udonis Haslem,MIA,42.0,203.2,235.0,Florida,USA,,,,13,2.5,1.9,0.3,-9.5,0.043,0.239,0.183,0.495,0.077,2021-22,2021-22,2021
11707,Tyler Johnson,SAS,30.0,190.5,186.0,Fresno State,USA,,,,6,2.8,2.0,1.2,-1.9,0.0289999999999999,0.1,0.1,0.425,0.1,2021-22,2021-22,2021
11708,Tyus Jones,MEM,26.0,182.88,196.0,Duke,USA,2015.0,1.0,24.0,73,8.7,2.4,4.4,7.6,0.01,0.0969999999999999,0.1639999999999999,0.544,0.285,2021-22,2021-22,2021
11709,Tyrone Wallace,NOP,28.0,195.58,198.0,California,USA,2016.0,2.0,60.0,6,2.8,1.3,0.2,-9.9,0.0,0.133,0.13,0.3829999999999999,0.017,2021-22,2021-22,2021
11710,Tyrese Maxey,PHI,21.0,187.96,200.0,Kentucky,USA,2020.0,1.0,21.0,75,17.5,3.2,4.3,3.6,0.01,0.08,0.1989999999999999,0.594,0.191,2021-22,2021-22,2021
11711,Tyrese Haliburton,IND,22.0,195.58,185.0,Iowa State,USA,2020.0,1.0,12.0,77,15.3,4.0,8.2,-6.0,0.022,0.093,0.184,0.595,0.335,2021-22,2021-22,2021
11712,Tyrell Terry,MEM,21.0,187.96,160.0,Stanford,USA,2020.0,2.0,31.0,2,1.0,0.0,0.0,-6.9,0.0,0.0,0.111,1.0,0.0,2021-22,2021-22,2021
11713,Tyler Herro,MIA,22.0,195.58,195.0,Kentucky,USA,2019.0,1.0,13.0,66,20.7,5.0,4.0,5.3,0.015,0.133,0.278,0.561,0.205,2021-22,2021-22,2021
11714,Wayne Selden,NYK,27.0,193.04,232.0,Kansas,USA,2016.0,,,3,1.7,0.3,0.3,-34.5,0.0,0.053,0.136,0.434,0.091,2021-22,2021-22,2021
11715,Udoka Azubuike,UTA,22.0,213.36,270.0,Kansas,Nigeria,2020.0,1.0,27.0,17,4.7,4.2,0.0,2.0,0.093,0.233,0.143,0.743,0.0,2021-22,2021-22,2021
11716,Wendell Carter Jr.,ORL,23.0,208.28,270.0,Duke,USA,2018.0,1.0,7.0,62,15.0,10.5,2.8,-3.7,0.074,0.26,0.206,0.601,0.15,2021-22,2021-22,2021
11717,Ziaire Williams,MEM,20.0,205.74,185.0,Stanford,USA,2021.0,1.0,10.0,62,8.1,2.1,1.0,4.2,0.017,0.071,0.144,0.5589999999999999,0.062,2021-22,2021-22,2021
11718,Wes Iwundu,ATL,27.0,198.12,195.0,Kansas State,USA,2017.0,2.0,33.0,3,7.3,4.3,0.0,-1.4,0.036,0.143,0.111,0.557,0.0,2021-22,2021-22,2021
11719,Tyler Hall,NYK,25.0,195.58,209.0,Montana State,USA,,,,1,0.0,0.0,0.0,-100.0,0.0,0.0,0.0,0.0,0.0,2021-22,2021-22,2021
11720,Zylan Cheatham,UTA,26.0,195.58,220.0,Arizona St.,USA,,,,1,0.0,0.0,0.0,-106.8,0.0,0.0,0.25,0.0,0.0,2021-22,2021-22,2021
11721,Zeke Nnaji,DEN,21.0,205.74,240.0,Arizona,USA,2020.0,1.0,22.0,41,6.6,3.6,0.4,-3.2,0.077,0.141,0.146,0.629,0.037,2021-22,2021-22,2021
11722,Zavier Simpson,OKC,25.0,182.88,190.0,Michigan,USA,,,,4,11.0,5.3,7.5,-26.5,0.01,0.114,0.158,0.406,0.25,2021-22,2021-22,2021
11723,Zach LaVine,CHI,27.0,195.58,200.0,UCLA,USA,2014.0,1.0,13.0,67,24.4,4.6,4.5,-0.9,0.01,0.121,0.284,0.605,0.207,2021-22,2021-22,2021
11724,Zach Collins,SAS,24.0,210.82,250.0,Gonzaga,USA,2017.0,1.0,10.0,28,7.8,5.5,2.2,3.1,0.085,0.1969999999999999,0.184,0.594,0.17,2021-22,2021-22,2021
11725,Yves Pons,MEM,23.0,195.58,206.0,Tennessee,France,,,,12,1.1,1.0,0.1,-21.3,0.055,0.0819999999999999,0.096,0.385,0.024,2021-22,2021-22,2021
11726,Yuta Watanabe,TOR,27.0,205.74,215.0,George Washington,Japan,,,,38,4.3,2.4,0.6,-3.9,0.035,0.158,0.161,0.524,0.067,2021-22,2021-22,2021
11727,Xavier Tillman Sr.,MEM,23.0,203.2,245.0,Michigan State,USA,2020.0,2.0,35.0,53,4.8,3.0,1.2,-1.4,0.084,0.138,0.1639999999999999,0.51,0.127,2021-22,2021-22,2021
11728,Xavier Sneed,UTA,24.0,195.58,215.0,Kansas State,USA,,,,9,0.6,0.7,0.1,-3.8,0.0409999999999999,0.111,0.109,0.25,0.036,2021-22,2021-22,2021
11729,Xavier Moon,LAC,27.0,187.96,165.0,Morehead State,USA,,,,10,5.8,1.4,2.4,1.4,0.0139999999999999,0.072,0.177,0.545,0.245,2021-22,2021-22,2021
11730,Willy Hernangomez,NOP,28.0,210.82,250.0,,Spain,2015.0,2.0,35.0,50,9.1,6.8,1.3,-1.6,0.153,0.24,0.211,0.5820000000000001,0.113,2021-22,2021-22,2021
11731,Willie Cauley-Stein,PHI,28.0,213.36,240.0,Kentucky,USA,2015.0,1.0,6.0,20,1.7,2.0,0.5,7.2,0.064,0.144,0.099,0.474,0.074,2021-22,2021-22,2021
11732,Will Barton,DEN,31.0,195.58,181.0,Memphis,USA,2012.0,2.0,40.0,71,14.7,4.8,3.9,2.0,0.02,0.128,0.205,0.5479999999999999,0.171,2021-22,2021-22,2021
11733,Wesley Matthews,MIL,35.0,193.04,220.0,Marquette,USA,,,,49,5.1,1.9,0.7,6.7,0.0289999999999999,0.0559999999999999,0.104,0.536,0.047,2021-22,2021-22,2021
11734,Wenyen Gabriel,LAL,25.0,205.74,205.0,Kentucky,South Sudan,,,,26,5.4,3.7,0.5,6.7,0.105,0.151,0.165,0.5489999999999999,0.053,2021-22,2021-22,2021
11735,Tyler Cook,CHI,24.0,203.2,255.0,Iowa,USA,,,,20,3.4,2.7,0.2,-7.5,0.08,0.2,0.127,0.643,0.021,2021-22,2021-22,2021
11736,Darius Bazley,OKC,22.0,203.2,208.0,,USA,2019.0,1.0,23.0,69,10.8,6.3,1.4,-11.3,0.034,0.176,0.18,0.515,0.078,2021-22,2021-22,2021
11737,Troy Brown Jr.,CHI,22.0,198.12,215.0,Oregon,USA,2018.0,1.0,15.0,66,4.3,3.1,1.0,-2.3,0.038,0.154,0.118,0.525,0.0819999999999999,2021-22,2021-22,2021
11738,Evan Fournier,NYK,29.0,198.12,205.0,,France,2012.0,1.0,20.0,80,14.1,2.6,2.1,-2.7,0.013,0.073,0.201,0.5539999999999999,0.114,2021-22,2021-22,2021
11739,Evan Mobley,CLE,21.0,210.82,215.0,Southern California,USA,2021.0,1.0,3.0,69,15.0,8.3,2.5,1.7,0.063,0.174,0.201,0.5489999999999999,0.1169999999999999,2021-22,2021-22,2021
11740,Facundo Campazzo,DEN,31.0,177.8,195.0,,Argentina,,,,65,5.1,1.8,3.4,-8.6,0.019,0.08,0.143,0.503,0.276,2021-22,2021-22,2021
11741,Feron Hunt,NYK,22.0,203.2,195.0,Southern Methodist,USA,,,,2,0.0,0.5,0.5,-10.1,0.091,0.0,0.136,0.0,0.2,2021-22,2021-22,2021
11742,Frank Jackson,DET,24.0,190.5,205.0,Duke,USA,2017.0,2.0,31.0,53,10.6,1.6,1.0,-6.8,0.015,0.0579999999999999,0.203,0.53,0.077,2021-22,2021-22,2021
11743,Frank Kaminsky,PHX,29.0,213.36,240.0,Wisconsin,USA,2015.0,1.0,9.0,9,10.6,4.6,1.4,9.6,0.06,0.144,0.185,0.635,0.105,2021-22,2021-22,2021
11744,Frank Ntilikina,DAL,23.0,193.04,200.0,,France,2017.0,1.0,8.0,58,4.1,1.4,1.2,4.3,0.016,0.094,0.165,0.513,0.149,2021-22,2021-22,2021
11745,Franz Wagner,ORL,20.0,208.28,220.0,Michigan,Germany,2021.0,1.0,8.0,79,15.2,4.5,2.9,-4.9,0.033,0.106,0.208,0.5589999999999999,0.151,2021-22,2021-22,2021
11746,Fred VanVleet,TOR,28.0,185.42,197.0,Wichita State,USA,,,,65,20.3,4.4,6.7,3.7,0.016,0.1,0.233,0.552,0.266,2021-22,2021-22,2021
11747,Freddie Gillespie,ORL,25.0,205.74,245.0,Baylor,USA,,,,9,2.3,4.0,0.6,-13.6,0.099,0.183,0.109,0.419,0.061,2021-22,2021-22,2021
11748,Furkan Korkmaz,PHI,24.0,200.66,202.0,,Turkey,2016.0,1.0,26.0,67,7.6,2.6,1.9,0.8,0.015,0.104,0.17,0.502,0.129,2021-22,2021-22,2021
11749,Gabe Vincent,MIA,26.0,190.5,200.0,California-Santa Barbara,USA,,,,68,8.7,1.9,3.1,3.1,0.0139999999999999,0.064,0.174,0.551,0.198,2021-22,2021-22,2021
11750,Gabe York,IND,28.0,190.5,190.0,Arizona,USA,,,,2,4.0,1.0,2.0,-14.6,0.0,0.143,0.179,0.435,0.222,2021-22,2021-22,2021
11751,Gabriel Deck,OKC,27.0,198.12,231.0,,Argentina,,,,7,2.6,0.9,0.7,-13.6,0.017,0.077,0.119,0.643,0.147,2021-22,2021-22,2021
11752,Gabriel Lundberg,PHX,27.0,193.04,203.0,,Denmark,,,,4,3.3,1.8,2.8,18.3,0.04,0.119,0.191,0.342,0.268,2021-22,2021-22,2021
11753,Garrett Temple,NOP,36.0,195.58,195.0,Louisiana State,USA,,,,59,5.2,2.4,1.3,-13.7,0.024,0.106,0.136,0.494,0.102,2021-22,2021-22,2021
11754,Garrison Mathews,HOU,25.0,195.58,215.0,Lipscomb,USA,,,,65,10.0,2.9,1.0,-5.9,0.018,0.093,0.1369999999999999,0.602,0.052,2021-22,2021-22,2021
11755,Gorgui Dieng,ATL,32.0,208.28,248.0,Louisville,Senegal,2013.0,1.0,21.0,44,3.5,2.8,0.8,-9.2,0.083,0.238,0.1639999999999999,0.624,0.155,2021-22,2021-22,2021
11756,Gordon Hayward,CHA,32.0,200.66,225.0,Butler,USA,2010.0,1.0,9.0,49,15.9,4.6,3.6,-0.4,0.022,0.114,0.2019999999999999,0.57,0.16,2021-22,2021-22,2021
11757,Ty Jerome,OKC,24.0,195.58,195.0,Virginia,USA,2019.0,1.0,24.0,48,7.1,1.6,2.3,-1.5,0.021,0.072,0.205,0.488,0.2289999999999999,2021-22,2021-22,2021
11758,Goran Dragic,BKN,36.0,190.5,190.0,,Slovenia,2008.0,2.0,45.0,21,7.5,3.1,4.1,0.4,0.027,0.104,0.166,0.474,0.2269999999999999,2021-22,2021-22,2021
11759,Goga Bitadze,IND,22.0,213.36,250.0,,Georgia,2019.0,1.0,18.0,50,7.0,3.5,1.1,-2.4,0.106,0.139,0.191,0.595,0.11,2021-22,2021-22,2021
11760,Giannis Antetokounmpo,MIL,27.0,210.82,242.0,,Greece,2013.0,1.0,15.0,67,29.9,11.6,5.8,8.0,0.06,0.267,0.34,0.633,0.304,2021-22,2021-22,2021
11761,Eugene Omoruyi,DAL,25.0,198.12,235.0,Oregon,Nigeria,,,,4,1.8,1.8,0.5,11.9,0.111,0.278,0.156,0.518,0.1669999999999999,2021-22,2021-22,2021
11762,Georgios Kalaitzakis,OKC,23.0,200.66,192.0,,Greece,2021.0,2.0,60.0,13,6.6,1.6,0.9,-29.3,0.026,0.074,0.2,0.536,0.09,2021-22,2021-22,2021
11763,George King,DAL,28.0,198.12,220.0,Colorado,USA,2018.0,2.0,59.0,4,0.3,1.3,0.0,-62.2,0.0,0.25,0.159,0.085,0.0,2021-22,2021-22,2021
11764,George Hill,MIL,36.0,193.04,188.0,Indiana-Purdue Indianapolis,USA,2008.0,1.0,26.0,54,6.2,2.9,2.2,11.7,0.0289999999999999,0.084,0.115,0.552,0.124,2021-22,2021-22,2021
11765,Gary Trent Jr.,TOR,23.0,195.58,209.0,Duke,USA,2018.0,2.0,37.0,70,18.3,2.7,2.0,3.3,0.01,0.07,0.212,0.546,0.085,2021-22,2021-22,2021
11766,Gary Payton II,GSW,29.0,190.5,195.0,Oregon State,USA,,,,71,7.1,3.5,0.9,8.3,0.0579999999999999,0.132,0.14,0.679,0.076,2021-22,2021-22,2021
11767,Gary Harris,ORL,27.0,193.04,210.0,Michigan State,USA,2014.0,1.0,19.0,61,11.1,2.0,1.8,-5.9,0.02,0.048,0.16,0.5710000000000001,0.094,2021-22,2021-22,2021
11768,Gary Clark,NOP,27.0,198.12,225.0,Cincinnati,USA,,,,38,2.7,2.4,0.5,-2.1,0.057,0.174,0.11,0.547,0.067,2021-22,2021-22,2021
11769,Georges Niang,PHI,29.0,200.66,230.0,Iowa State,USA,2016.0,2.0,50.0,76,9.2,2.7,1.3,1.9,0.0139999999999999,0.0969999999999999,0.16,0.594,0.09,2021-22,2021-22,2021
11770,Eric Paschall,UTA,25.0,198.12,255.0,Villanova,USA,2019.0,2.0,41.0,58,5.8,1.8,0.6,-2.3,0.042,0.1,0.174,0.612,0.074,2021-22,2021-22,2021
11771,Eric Gordon,HOU,33.0,190.5,215.0,Indiana,USA,2008.0,1.0,7.0,57,13.4,2.0,2.7,-5.1,0.009,0.0559999999999999,0.182,0.614,0.1369999999999999,2021-22,2021-22,2021
11772,Eric Bledsoe,POR,32.0,185.42,214.0,Kentucky,USA,2010.0,1.0,18.0,54,9.9,3.4,4.2,-1.2,0.02,0.105,0.198,0.514,0.251,2021-22,2021-22,2021
11773,Dillon Brooks,MEM,26.0,200.66,225.0,Oregon,Canada,2017.0,2.0,45.0,32,18.4,3.2,2.8,11.0,0.03,0.08,0.283,0.515,0.147,2021-22,2021-22,2021
11774,Didi Louzada,POR,22.0,195.58,188.0,,Brazil,2019.0,2.0,35.0,9,3.9,1.9,0.6,-29.1,0.034,0.096,0.13,0.517,0.07,2021-22,2021-22,2021
11775,Dewayne Dedmon,MIA,32.0,213.36,245.0,Southern California,USA,,,,67,6.3,5.8,0.7,3.5,0.1,0.251,0.1639999999999999,0.632,0.069,2021-22,2021-22,2021
11776,Devonte' Graham,NOP,27.0,185.42,195.0,Kansas,USA,2018.0,2.0,34.0,76,11.9,2.3,4.2,0.3,0.017,0.064,0.191,0.514,0.21,2021-22,2021-22,2021
11777,Devontae Cacok,SAS,25.0,200.66,240.0,North Carolina-Wilmington,USA,,,,15,3.1,2.8,0.4,-1.6,0.0579999999999999,0.2789999999999999,0.122,0.675,0.073,2021-22,2021-22,2021
11778,Devon Dotson,CHI,22.0,185.42,185.0,Kansas,USA,,,,11,2.6,0.8,1.4,-2.4,0.011,0.105,0.156,0.5379999999999999,0.283,2021-22,2021-22,2021
11779,Domantas Sabonis,SAC,26.0,210.82,240.0,Gonzaga,Lithuania,2016.0,1.0,11.0,62,18.9,12.1,5.2,-0.6,0.092,0.264,0.221,0.637,0.239,2021-22,2021-22,2021
11780,Devin Vassell,SAS,21.0,195.58,200.0,Florida State,USA,2020.0,1.0,11.0,71,12.3,4.3,1.9,1.0,0.021,0.128,0.184,0.54,0.096,2021-22,2021-22,2021
11781,Devin Booker,PHX,25.0,195.58,206.0,Kentucky,USA,2015.0,1.0,13.0,68,26.8,5.0,4.8,9.5,0.02,0.1169999999999999,0.313,0.5760000000000001,0.212,2021-22,2021-22,2021
11782,Desmond Bane,MEM,24.0,195.58,215.0,TCU,USA,2020.0,1.0,30.0,76,18.2,4.4,2.7,6.9,0.018,0.118,0.226,0.5920000000000001,0.136,2021-22,2021-22,2021
11783,Derrick White,BOS,27.0,193.04,190.0,Colorado,USA,2017.0,1.0,29.0,75,13.2,3.5,4.9,4.9,0.017,0.094,0.196,0.5489999999999999,0.231,2021-22,2021-22,2021
11784,Derrick Walton Jr.,DET,27.0,182.88,185.0,Michigan,USA,,,,3,6.3,3.3,7.0,0.5,0.015,0.068,0.142,0.342,0.2689999999999999,2021-22,2021-22,2021
11785,Derrick Rose,NYK,33.0,187.96,200.0,Memphis,USA,2008.0,1.0,1.0,26,12.0,3.0,4.0,5.8,0.032,0.08,0.217,0.541,0.266,2021-22,2021-22,2021
11786,Derrick Jones Jr.,CHI,25.0,198.12,210.0,UNLV,USA,,,,51,5.6,3.3,0.6,2.7,0.068,0.121,0.119,0.633,0.043,2021-22,2021-22,2021
11787,Devin Cannady,ORL,26.0,187.96,183.0,Princeton,USA,2019.0,,,5,10.0,1.2,2.0,-2.6,0.006,0.032,0.156,0.531,0.102,2021-22,2021-22,2021
11788,Grant Williams,BOS,23.0,198.12,236.0,Tennessee,USA,2019.0,1.0,22.0,77,7.8,3.6,1.0,4.5,0.035,0.107,0.123,0.635,0.0579999999999999,2021-22,2021-22,2021
11789,Donovan Mitchell,UTA,25.0,185.42,215.0,Louisville,USA,2017.0,1.0,13.0,67,25.9,4.2,5.3,5.9,0.024,0.096,0.322,0.5720000000000001,0.267,2021-22,2021-22,2021
11790,Dorian Finney-Smith,DAL,29.0,200.66,220.0,Florida,USA,,,,80,11.0,4.7,1.9,4.4,0.047,0.095,0.138,0.604,0.08,2021-22,2021-22,2021
11791,Enes Freedom,BOS,30.0,208.28,250.0,,Turkey,2011.0,1.0,3.0,35,3.7,4.6,0.2,7.8,0.143,0.2189999999999999,0.129,0.585,0.027,2021-22,2021-22,2021
11792,Emmanuel Mudiay,SAC,26.0,190.5,200.0,,Democratic Republic of the Congo,2015.0,1.0,7.0,2,1.5,0.0,2.0,-23.7,0.0,0.0,0.192,0.3989999999999999,0.5710000000000001,2021-22,2021-22,2021
11793,Emanuel Terry,PHX,25.0,205.74,220.0,Lincoln Memorial,USA,,,,3,0.0,5.0,0.7,-50.3,0.286,0.389,0.1889999999999999,0.0,0.222,2021-22,2021-22,2021
11794,Elijah Hughes,POR,24.0,195.58,215.0,Syracuse,USA,2020.0,2.0,39.0,36,3.5,1.6,0.6,-23.7,0.013,0.118,0.158,0.426,0.079,2021-22,2021-22,2021
11795,Elfrid Payton,PHX,28.0,190.5,195.0,Louisana-Lafayette,USA,2014.0,1.0,10.0,50,3.0,1.8,2.0,-2.0,0.035,0.115,0.175,0.397,0.252,2021-22,2021-22,2021
11796,Ed Davis,CLE,33.0,205.74,218.0,North Carolina,USA,2010.0,1.0,13.0,31,0.9,2.1,0.2,4.6,0.072,0.23,0.062,0.632,0.053,2021-22,2021-22,2021
11797,Donte DiVincenzo,SAC,25.0,193.04,203.0,Villanova,USA,2018.0,1.0,17.0,42,9.0,4.0,2.8,-3.7,0.039,0.125,0.187,0.51,0.1669999999999999,2021-22,2021-22,2021
11798,Dylan Windler,CLE,25.0,198.12,196.0,Belmont,USA,2019.0,1.0,26.0,50,2.2,1.8,0.7,0.0,0.047,0.146,0.115,0.519,0.111,2021-22,2021-22,2021
11799,Dwight Howard,LAL,36.0,208.28,265.0,,USA,2004.0,1.0,1.0,60,6.2,5.9,0.6,-5.7,0.12,0.246,0.145,0.657,0.049,2021-22,2021-22,2021
11800,Duncan Robinson,MIA,28.0,200.66,215.0,Michigan,USA,,,,79,10.9,2.6,1.6,2.6,0.012,0.089,0.174,0.573,0.095,2021-22,2021-22,2021
11801,Duane Washington Jr.,IND,22.0,190.5,197.0,Ohio State,Germany,,,,48,9.9,1.7,1.8,-5.9,0.004,0.0819999999999999,0.214,0.521,0.128,2021-22,2021-22,2021
11802,Drew Eubanks,POR,25.0,205.74,245.0,Oregon State,USA,,,,71,7.7,5.4,1.2,-12.8,0.0969999999999999,0.1969999999999999,0.171,0.638,0.107,2021-22,2021-22,2021
11803,Draymond Green,GSW,32.0,198.12,230.0,Michigan State,USA,2012.0,2.0,35.0,46,7.5,7.3,7.0,7.2,0.034,0.204,0.14,0.5820000000000001,0.325,2021-22,2021-22,2021
11804,Doug McDermott,SAS,30.0,200.66,225.0,Creighton,USA,2014.0,1.0,11.0,51,11.3,2.3,1.3,-1.8,0.0139999999999999,0.076,0.178,0.593,0.068,2021-22,2021-22,2021
11805,Dwight Powell,DAL,30.0,208.28,240.0,Stanford,Canada,2014.0,2.0,45.0,82,8.7,4.9,1.2,2.5,0.099,0.134,0.136,0.725,0.081,2021-22,2021-22,2021
11806,Derrick Favors,OKC,30.0,205.74,265.0,Georgia Tech,USA,2010.0,1.0,3.0,39,5.3,4.7,0.6,-11.0,0.079,0.178,0.131,0.534,0.061,2021-22,2021-22,2021
11807,Grayson Allen,MIL,26.0,193.04,198.0,Duke,USA,2018.0,1.0,21.0,66,11.1,3.4,1.5,5.0,0.017,0.0969999999999999,0.148,0.609,0.075,2021-22,2021-22,2021
11808,Greg Monroe,MIN,32.0,208.28,250.0,Georgetown,USA,2010.0,1.0,7.0,14,5.4,4.6,1.6,0.9,0.141,0.176,0.1639999999999999,0.5660000000000001,0.162,2021-22,2021-22,2021
11809,Jalen Green,HOU,20.0,193.04,186.0,,USA,2021.0,1.0,2.0,67,17.3,3.4,2.6,-11.3,0.015,0.088,0.2339999999999999,0.547,0.132,2021-22,2021-22,2021
11810,Jalen Johnson,ATL,20.0,203.2,219.0,Duke,USA,2021.0,1.0,20.0,22,2.4,1.2,0.1,-10.0,0.016,0.175,0.183,0.59,0.045,2021-22,2021-22,2021
11811,Jalen McDaniels,CHA,24.0,205.74,205.0,San Diego State,USA,2019.0,2.0,52.0,55,6.2,3.1,1.1,2.6,0.039,0.138,0.152,0.595,0.089,2021-22,2021-22,2021
11812,Jalen Smith,IND,22.0,208.28,215.0,Maryland,USA,2020.0,1.0,10.0,51,9.2,6.0,0.5,2.7,0.1009999999999999,0.216,0.193,0.595,0.038,2021-22,2021-22,2021
11813,Jalen Suggs,ORL,21.0,195.58,205.0,Gonzaga,USA,2021.0,1.0,5.0,48,11.8,3.6,4.4,-7.1,0.019,0.102,0.244,0.455,0.249,2021-22,2021-22,2021
11814,James Bouknight,CHA,21.0,193.04,190.0,Connecticut,USA,2021.0,1.0,11.0,31,4.6,1.7,0.8,-6.2,0.064,0.09,0.226,0.4589999999999999,0.132,2021-22,2021-22,2021
11815,James Ennis III,DEN,31.0,198.12,215.0,Cal State-Long Beach,USA,2013.0,2.0,50.0,7,4.1,1.7,0.4,0.9,0.086,0.121,0.206,0.5529999999999999,0.081,2021-22,2021-22,2021
11816,James Harden,PHI,32.0,195.58,220.0,Arizona State,USA,2009.0,1.0,3.0,65,22.0,7.7,10.3,3.5,0.024,0.176,0.266,0.583,0.401,2021-22,2021-22,2021
11817,James Johnson,BKN,35.0,200.66,240.0,Wake Forest,USA,2009.0,1.0,16.0,62,5.5,3.5,2.1,-1.6,0.0409999999999999,0.127,0.136,0.513,0.153,2021-22,2021-22,2021
11818,Jamorko Pickett,DET,24.0,205.74,206.0,Georgetown,USA,,,,13,3.8,2.5,0.5,0.3,0.032,0.141,0.133,0.491,0.057,2021-22,2021-22,2021
11819,Jared Butler,UTA,21.0,190.5,193.0,Baylor,USA,2021.0,2.0,40.0,42,3.8,1.1,1.5,-0.1,0.0139999999999999,0.102,0.221,0.509,0.258,2021-22,2021-22,2021
11820,Jared Harper,NOP,24.0,177.8,175.0,Auburn,USA,,,,5,7.4,0.4,2.8,9.8,0.047,0.0,0.287,0.6659999999999999,0.5379999999999999,2021-22,2021-22,2021
11821,Jaren Jackson Jr.,MEM,22.0,210.82,242.0,Michigan State,USA,2018.0,1.0,4.0,78,16.3,5.8,1.1,7.9,0.05,0.145,0.248,0.535,0.0579999999999999,2021-22,2021-22,2021
11822,Jarred Vanderbilt,MIN,23.0,205.74,214.0,Kentucky,USA,2018.0,2.0,41.0,74,6.9,8.4,1.3,5.0,0.107,0.212,0.108,0.612,0.066,2021-22,2021-22,2021
11823,Jarrett Allen,CLE,24.0,208.28,243.0,Texas-Austin,USA,2017.0,1.0,22.0,56,16.1,10.8,1.6,3.3,0.109,0.213,0.177,0.698,0.079,2021-22,2021-22,2021
11824,Jarrett Culver,MEM,23.0,198.12,195.0,Texas Tech,USA,2019.0,1.0,6.0,37,3.5,1.3,0.9,-2.3,0.033,0.1009999999999999,0.1989999999999999,0.433,0.135,2021-22,2021-22,2021
11825,Jarron Cumberland,POR,24.0,195.58,205.0,Cincinnati,USA,,,,3,0.7,1.0,0.3,40.2,0.059,0.182,0.061,0.5,0.1,2021-22,2021-22,2021
11826,Jeff Green,DEN,35.0,203.2,235.0,Georgetown,USA,2007.0,1.0,5.0,75,10.3,3.1,1.3,1.8,0.024,0.1,0.16,0.627,0.071,2021-22,2021-22,2021
11827,Jeff Dowtin,ORL,25.0,190.5,177.0,Rhode Island,USA,,,,9,2.1,2.0,1.1,-12.3,0.065,0.0969999999999999,0.119,0.353,0.139,2021-22,2021-22,2021
11828,Jayson Tatum,BOS,24.0,203.2,210.0,Duke,USA,2017.0,1.0,3.0,76,26.9,8.0,4.4,12.1,0.032,0.18,0.313,0.578,0.204,2021-22,2021-22,2021
11829,Jaysean Paige,DET,27.0,187.96,200.0,West Virginia,USA,,,,1,0.0,1.0,1.0,-69.6,0.0,0.091,0.211,0.0,0.3329999999999999,2021-22,2021-22,2021
11830,Jaylen Nowell,MIN,22.0,193.04,201.0,Washington,USA,2019.0,2.0,43.0,62,8.5,2.0,2.1,2.8,0.022,0.1,0.205,0.581,0.1969999999999999,2021-22,2021-22,2021
11831,Jaylen Morris,SAS,26.0,195.58,185.0,Molloy,USA,,,,3,0.7,0.7,0.7,22.9,0.0,0.118,0.231,0.129,0.143,2021-22,2021-22,2021
11832,Jalen Brunson,DAL,25.0,185.42,190.0,Villanova,USA,2018.0,2.0,33.0,79,16.3,3.9,4.8,4.4,0.017,0.105,0.215,0.583,0.237,2021-22,2021-22,2021
11833,Jaylen Hoard,OKC,23.0,203.2,216.0,Wake Forest,France,,,,7,14.7,12.0,2.4,-17.2,0.1119999999999999,0.228,0.184,0.536,0.113,2021-22,2021-22,2021
11834,Jay Scrubb,LAC,21.0,195.58,220.0,,USA,2020.0,2.0,55.0,18,2.7,0.9,0.4,6.9,0.016,0.1,0.188,0.486,0.095,2021-22,2021-22,2021
11835,Jay Huff,LAL,24.0,215.9,240.0,Virginia,USA,,,,4,0.0,1.0,0.3,36.5,0.04,0.111,0.083,0.0,0.071,2021-22,2021-22,2021
11836,Jaxson Hayes,NOP,22.0,210.82,220.0,Texas-Austin,USA,2019.0,1.0,8.0,70,9.3,4.5,0.6,0.5,0.08,0.146,0.159,0.68,0.047,2021-22,2021-22,2021
11837,Javonte Smart,MIA,23.0,193.04,205.0,Louisiana State,USA,,,,17,3.0,1.4,0.9,-10.6,0.022,0.094,0.154,0.407,0.121,2021-22,2021-22,2021
11838,Javonte Green,CHI,28.0,195.58,205.0,Radford,USA,,,,65,7.2,4.2,0.9,1.6,0.062,0.12,0.113,0.637,0.051,2021-22,2021-22,2021
11839,Javin DeLaurier,MIL,24.0,208.28,234.0,Duke,USA,,,,1,0.0,1.0,0.0,57.1,0.0,0.25,0.0,0.0,0.0,2021-22,2021-22,2021
11840,Jaylen Brown,BOS,25.0,198.12,223.0,California,USA,2016.0,1.0,3.0,66,23.6,6.1,3.5,9.8,0.024,0.145,0.298,0.574,0.173,2021-22,2021-22,2021
11841,Jakob Poeltl,SAS,26.0,215.9,245.0,Utah,Austria,2016.0,1.0,9.0,68,13.5,9.3,2.8,3.4,0.125,0.184,0.182,0.613,0.131,2021-22,2021-22,2021
11842,Jake Layman,MIN,28.0,203.2,209.0,Maryland,USA,2016.0,2.0,47.0,34,2.4,1.1,0.3,-3.4,0.025,0.123,0.16,0.5,0.055,2021-22,2021-22,2021
11843,Jaime Echenique,WAS,25.0,208.28,258.0,Wichita State,Colombia,,,,1,0.0,0.0,0.0,-30.0,0.0,0.0,0.0,0.0,0.0,2021-22,2021-22,2021
11844,Isaiah Livers,DET,23.0,198.12,232.0,Michigan,USA,2021.0,2.0,42.0,19,6.4,3.0,1.1,-0.8,0.037,0.109,0.125,0.629,0.077,2021-22,2021-22,2021
11845,Isaiah Joe,PHI,22.0,193.04,165.0,Arkansas,USA,2020.0,2.0,49.0,55,3.6,1.0,0.6,1.7,0.01,0.079,0.144,0.519,0.08,2021-22,2021-22,2021
11846,Isaiah Jackson,IND,20.0,208.28,205.0,Kentucky,USA,2021.0,1.0,22.0,36,8.3,4.1,0.3,-2.8,0.109,0.157,0.214,0.607,0.027,2021-22,2021-22,2021
11847,Isaiah Hartenstein,LAC,24.0,213.36,250.0,,Germany,2017.0,2.0,43.0,68,8.3,4.9,2.4,7.0,0.0969999999999999,0.158,0.177,0.664,0.193,2021-22,2021-22,2021
11848,Isaac Okoro,CLE,21.0,195.58,225.0,Auburn,USA,2020.0,1.0,5.0,67,8.8,3.0,1.8,3.1,0.037,0.065,0.123,0.589,0.083,2021-22,2021-22,2021
11849,Isaac Bonga,TOR,22.0,203.2,180.0,,Germany,2018.0,2.0,39.0,15,0.8,0.5,0.3,-22.6,0.043,0.038,0.108,0.363,0.089,2021-22,2021-22,2021
11850,Isaiah Roby,OKC,24.0,203.2,230.0,Nebraska-Lincoln,USA,2019.0,2.0,45.0,45,10.1,4.8,1.6,-8.8,0.074,0.145,0.185,0.607,0.1169999999999999,2021-22,2021-22,2021
11851,Immanuel Quickley,NYK,23.0,190.5,190.0,Kentucky,USA,2020.0,1.0,25.0,78,11.3,3.2,3.5,6.6,0.017,0.114,0.217,0.5429999999999999,0.244,2021-22,2021-22,2021
11852,Herbert Jones,NOP,23.0,200.66,206.0,Alabama,USA,2021.0,2.0,35.0,78,9.5,3.8,2.1,2.0,0.0409999999999999,0.086,0.136,0.573,0.0969999999999999,2021-22,2021-22,2021
11853,Haywood Highsmith,MIA,25.0,193.04,220.0,Wheeling Jesuit,USA,2018.0,,,19,2.3,1.4,0.3,-8.5,0.0559999999999999,0.0969999999999999,0.131,0.446,0.052,2021-22,2021-22,2021
11854,Hassani Gravett,ORL,25.0,187.96,187.0,South Carolina,USA,2019.0,,,8,6.3,2.6,2.5,-1.8,0.006,0.114,0.13,0.629,0.177,2021-22,2021-22,2021
11855,Hassan Whiteside,UTA,33.0,213.36,265.0,Marshall,USA,2010.0,2.0,33.0,65,8.2,7.6,0.4,10.1,0.142,0.275,0.1639999999999999,0.662,0.031,2021-22,2021-22,2021
11856,Harrison Barnes,SAC,30.0,203.2,225.0,North Carolina,USA,2012.0,1.0,7.0,77,16.4,5.6,2.4,-6.7,0.031,0.135,0.184,0.623,0.103,2021-22,2021-22,2021
11857,Hamidou Diallo,DET,23.0,195.58,202.0,Kentucky,USA,2018.0,2.0,45.0,58,11.0,4.8,1.3,-7.6,0.049,0.162,0.213,0.541,0.098,2021-22,2021-22,2021
11858,Ignas Brazdeikis,ORL,23.0,198.12,221.0,Michigan,Canada,2019.0,2.0,47.0,42,5.0,1.7,0.9,-15.7,0.038,0.09,0.172,0.52,0.11,2021-22,2021-22,2021
11859,Greg Brown III,POR,20.0,200.66,206.0,Texas-Austin,USA,2021.0,2.0,43.0,48,4.7,2.8,0.7,-17.6,0.057,0.15,0.168,0.515,0.087,2021-22,2021-22,2021
11860,Isaiah Stewart,DET,21.0,203.2,250.0,Washington,USA,2020.0,1.0,16.0,71,8.3,8.7,1.2,-9.5,0.111,0.217,0.144,0.55,0.07,2021-22,2021-22,2021
11861,Isaiah Todd,WAS,20.0,205.74,219.0,,USA,2021.0,2.0,31.0,12,1.7,1.0,0.3,-15.6,0.034,0.123,0.188,0.349,0.095,2021-22,2021-22,2021
11862,Jahmi'us Ramsey,SAC,21.0,190.5,190.0,Texas Tech,USA,2020.0,2.0,43.0,19,3.2,0.7,0.4,-6.0,0.027,0.068,0.208,0.4679999999999999,0.075,2021-22,2021-22,2021
11863,Jae'Sean Tate,HOU,26.0,193.04,230.0,Ohio State,USA,,,,78,11.8,5.4,2.8,-8.9,0.063,0.135,0.1939999999999999,0.5670000000000001,0.171,2021-22,2021-22,2021
11864,Jae Crowder,PHX,31.0,198.12,235.0,Marquette,USA,2012.0,2.0,34.0,67,9.4,5.3,1.9,10.2,0.017,0.16,0.146,0.541,0.08,2021-22,2021-22,2021
11865,Jaden Springer,PHI,19.0,193.04,202.0,Tennessee,USA,2021.0,1.0,28.0,2,1.0,1.0,0.0,-72.4,0.143,0.125,0.118,1.0,0.0,2021-22,2021-22,2021
11866,Jaden McDaniels,MIN,21.0,205.74,185.0,Washington,USA,2020.0,1.0,28.0,70,9.2,4.2,1.1,0.6,0.038,0.115,0.149,0.5529999999999999,0.063,2021-22,2021-22,2021
11867,Jabari Parker,BOS,27.0,200.66,245.0,Duke,USA,2014.0,1.0,2.0,12,4.4,2.3,0.5,-0.8,0.042,0.18,0.191,0.632,0.094,2021-22,2021-22,2021
11868,Isaiah Thomas,CHA,33.0,175.26,185.0,Washington,USA,2011.0,2.0,60.0,22,8.4,1.3,1.5,-1.3,0.012,0.071,0.245,0.516,0.155,2021-22,2021-22,2021
11869,JaVale McGee,PHX,34.0,213.36,270.0,Nevada-Reno,USA,2008.0,1.0,18.0,74,9.2,6.7,0.6,5.8,0.134,0.266,0.214,0.6509999999999999,0.055,2021-22,2021-22,2021
11870,JaMychal Green,DEN,32.0,203.2,227.0,Alabama,USA,,,,67,6.4,4.2,0.9,-3.5,0.073,0.187,0.168,0.5870000000000001,0.084,2021-22,2021-22,2021
11871,Ja Morant,MEM,22.0,190.5,174.0,Murray State,USA,2019.0,1.0,2.0,57,27.4,5.7,6.7,4.1,0.037,0.124,0.33,0.575,0.33,2021-22,2021-22,2021
11872,JT Thor,CHA,19.0,205.74,203.0,Auburn,USA,2021.0,2.0,37.0,33,2.0,1.3,0.6,0.3,0.04,0.111,0.1159999999999999,0.525,0.0969999999999999,2021-22,2021-22,2021
11873,Ivica Zubac,LAC,25.0,213.36,240.0,,Croatia,2016.0,2.0,32.0,76,10.3,8.5,1.6,-3.5,0.115,0.223,0.168,0.66,0.0969999999999999,2021-22,2021-22,2021
11874,Ish Wainright,PHX,27.0,195.58,250.0,Baylor,USA,,,,45,2.4,1.2,0.3,5.6,0.066,0.072,0.134,0.494,0.057,2021-22,2021-22,2021
11875,Ish Smith,WAS,33.0,182.88,175.0,Wake Forest,USA,,,,65,6.3,2.2,3.8,-6.7,0.021,0.1,0.195,0.465,0.318,2021-22,2021-22,2021
11876,JaQuori McLaughlin,DAL,24.0,193.04,190.0,Cal-Santa Barbara,USA,,,,4,0.0,0.0,0.5,-34.6,0.0,0.0,0.065,0.0,0.2,2021-22,2021-22,2021
11877,Denzel Valentine,UTA,28.0,193.04,220.0,Michigan State,USA,2016.0,1.0,14.0,24,2.9,1.8,0.5,-5.1,0.04,0.15,0.15,0.523,0.074,2021-22,2021-22,2021
11878,Dennis Smith Jr.,POR,24.0,187.96,205.0,North Carolina State,USA,2017.0,1.0,9.0,37,5.6,2.4,3.6,-9.8,0.0289999999999999,0.107,0.173,0.474,0.311,2021-22,2021-22,2021
11879,Dennis Schroder,HOU,28.0,185.42,172.0,,Germany,2013.0,1.0,17.0,64,13.5,3.3,4.6,-1.0,0.018,0.0969999999999999,0.223,0.539,0.256,2021-22,2021-22,2021
11880,Charlie Brown Jr.,PHI,25.0,198.12,199.0,St. Joseph's (PA),USA,,,,22,1.4,1.5,0.3,-3.6,0.067,0.088,0.105,0.346,0.045,2021-22,2021-22,2021
11881,Charles Bassey,PHI,21.0,205.74,230.0,Western Kentucky,Nigeria,2021.0,2.0,53.0,23,3.0,2.7,0.3,-8.8,0.124,0.233,0.152,0.66,0.07,2021-22,2021-22,2021
11882,Chandler Hutchison,PHX,26.0,198.12,210.0,Boise State,USA,2018.0,1.0,22.0,6,0.7,0.8,0.3,27.3,0.0,0.1669999999999999,0.111,0.6940000000000001,0.105,2021-22,2021-22,2021
11883,Cedi Osman,CLE,27.0,200.66,230.0,,Turkey,2015.0,2.0,31.0,66,10.7,2.2,2.0,-1.8,0.017,0.08,0.206,0.563,0.144,2021-22,2021-22,2021
11884,Cat Barber,ATL,27.0,185.42,173.0,North Carolina State,USA,2016.0,,,3,0.0,1.0,1.0,34.6,0.091,0.286,0.2189999999999999,0.0,0.2,2021-22,2021-22,2021
11885,Cassius Winston,WAS,24.0,185.42,185.0,Michigan State,USA,2020.0,2.0,53.0,7,2.0,0.1,1.0,-3.4,0.0,0.027,0.184,0.5489999999999999,0.28,2021-22,2021-22,2021
11886,Cassius Stanley,DET,22.0,195.58,190.0,Duke,USA,2020.0,2.0,54.0,9,5.8,2.1,0.4,-4.3,0.0279999999999999,0.084,0.148,0.516,0.043,2021-22,2021-22,2021
11887,Carsen Edwards,DET,24.0,180.34,200.0,Purdue,USA,2019.0,2.0,33.0,4,5.8,1.5,3.5,-5.9,0.022,0.044,0.179,0.3779999999999999,0.25,2021-22,2021-22,2021
11888,Carmelo Anthony,LAL,38.0,200.66,238.0,Syracuse,USA,2003.0,1.0,3.0,69,13.3,4.2,1.0,-2.9,0.034,0.1159999999999999,0.195,0.579,0.0559999999999999,2021-22,2021-22,2021
11889,Carlik Jones,DEN,24.0,182.88,174.0,Texas Legends,USA,,,,5,0.8,0.6,1.0,-33.1,0.042,0.069,0.22,0.2019999999999999,0.417,2021-22,2021-22,2021
11890,Caris LeVert,CLE,27.0,198.12,205.0,Michigan,USA,2016.0,1.0,20.0,58,17.0,3.7,4.3,-1.8,0.024,0.0969999999999999,0.252,0.525,0.2189999999999999,2021-22,2021-22,2021
11891,Cameron Payne,PHX,27.0,185.42,183.0,Murray State,USA,2015.0,1.0,14.0,58,10.8,3.0,4.9,6.3,0.018,0.109,0.235,0.5,0.318,2021-22,2021-22,2021
11892,Cameron Oliver,ATL,25.0,203.2,239.0,Nevada,USA,,,,2,11.5,3.0,1.5,-0.9,0.051,0.121,0.1669999999999999,0.705,0.0969999999999999,2021-22,2021-22,2021
11893,Cameron McGriff,POR,24.0,200.66,220.0,Oklahoma State,USA,,,,3,4.7,5.0,1.0,7.3,0.098,0.209,0.122,0.47,0.086,2021-22,2021-22,2021
11894,Cameron Johnson,PHX,26.0,203.2,210.0,North Carolina,USA,2019.0,1.0,11.0,66,12.5,4.1,1.5,6.2,0.023,0.123,0.1669999999999999,0.625,0.079,2021-22,2021-22,2021
11895,Cam Thomas,BKN,20.0,190.5,210.0,Louisiana State,Japan,2021.0,1.0,27.0,67,8.5,2.4,1.2,-6.4,0.013,0.118,0.212,0.519,0.102,2021-22,2021-22,2021
11896,Cam Reddish,NYK,22.0,203.2,217.0,Duke,USA,2019.0,1.0,10.0,49,10.1,2.1,1.0,-9.8,0.023,0.075,0.213,0.5429999999999999,0.078,2021-22,2021-22,2021
11897,Brandon Knight,DAL,30.0,187.96,182.0,Kentucky,USA,2011.0,1.0,8.0,5,6.4,1.6,1.6,-3.6,0.0,0.098,0.216,0.561,0.2,2021-22,2021-22,2021
11898,Brandon Williams,POR,22.0,187.96,190.0,Arizona,USA,,,,24,12.9,3.1,3.9,-20.4,0.026,0.089,0.246,0.476,0.235,2021-22,2021-22,2021
11899,Braxton Key,DET,25.0,203.2,225.0,Virginia,USA,,,,11,7.2,4.5,1.0,8.0,0.0579999999999999,0.187,0.184,0.508,0.077,2021-22,2021-22,2021
11900,Brodric Thomas,BOS,25.0,195.58,185.0,Truman State,USA,,,,12,1.8,0.8,0.9,3.0,0.034,0.103,0.172,0.52,0.239,2021-22,2021-22,2021
11901,Brook Lopez,MIL,34.0,213.36,282.0,Stanford,USA,2008.0,1.0,10.0,13,12.4,4.1,0.5,-1.4,0.0579999999999999,0.108,0.211,0.57,0.03,2021-22,2021-22,2021
11902,Bruce Brown,BKN,25.0,193.04,202.0,Miami,USA,2018.0,2.0,42.0,72,9.0,4.8,2.1,-0.3,0.0559999999999999,0.13,0.146,0.575,0.114,2021-22,2021-22,2021
11903,Chaundee Brown Jr.,ATL,23.0,195.58,215.0,Michigan,USA,,,,5,6.2,3.2,0.8,-8.7,0.009,0.139,0.146,0.447,0.0559999999999999,2021-22,2021-22,2021
11904,Bruno Fernando,HOU,23.0,205.74,240.0,Maryland,Angola,2019.0,2.0,34.0,30,2.9,1.8,0.2,-10.1,0.102,0.223,0.1969999999999999,0.6709999999999999,0.0819999999999999,2021-22,2021-22,2021
11905,Buddy Hield,IND,29.0,193.04,220.0,Oklahoma,Bahamas,2016.0,1.0,6.0,81,15.6,4.4,2.8,-3.6,0.025,0.114,0.214,0.5479999999999999,0.135,2021-22,2021-22,2021
11906,CJ Elleby,POR,22.0,198.12,200.0,Washington State,USA,2020.0,2.0,46.0,58,5.8,3.9,1.5,-14.3,0.052,0.141,0.143,0.491,0.109,2021-22,2021-22,2021
11907,CJ McCollum,NOP,30.0,190.5,190.0,Lehigh,USA,2013.0,1.0,10.0,62,22.1,4.3,5.1,-1.9,0.024,0.1009999999999999,0.2689999999999999,0.5529999999999999,0.238,2021-22,2021-22,2021
11908,CJ Miles,BOS,35.0,198.12,220.0,No College,USA,2005.0,2.0,34.0,1,0.0,0.0,0.0,-100.0,0.0,0.0,0.0,0.0,0.0,2021-22,2021-22,2021
11909,Cade Cunningham,DET,20.0,198.12,220.0,Oklahoma State,USA,2021.0,1.0,1.0,64,17.4,5.5,5.6,-6.2,0.026,0.143,0.273,0.504,0.283,2021-22,2021-22,2021
11910,Caleb Martin,MIA,26.0,195.58,205.0,Nevada-Reno,USA,,,,60,9.2,3.8,1.1,5.7,0.054,0.114,0.158,0.611,0.068,2021-22,2021-22,2021
11911,Bryn Forbes,DEN,28.0,187.96,205.0,Michigan State,USA,,,,75,8.8,1.2,1.0,-0.5,0.0069999999999999,0.063,0.201,0.574,0.086,2021-22,2021-22,2021
11912,Cheick Diallo,DET,25.0,203.2,219.0,Kansas,Mali,2016.0,2.0,33.0,3,3.7,4.0,0.0,-50.7,0.098,0.296,0.145,0.517,0.0,2021-22,2021-22,2021
11913,Chimezie Metu,SAC,25.0,205.74,225.0,Southern California,USA,2018.0,2.0,49.0,60,8.9,5.6,1.0,-5.7,0.027,0.2269999999999999,0.184,0.546,0.071,2021-22,2021-22,2021
11914,Chris Boucher,TOR,29.0,205.74,200.0,Oregon,Saint Lucia,,,,80,9.4,6.2,0.3,5.3,0.095,0.183,0.172,0.57,0.022,2021-22,2021-22,2021
11915,DaQuan Jeffries,MEM,24.0,195.58,222.0,Tulsa,USA,,,,3,0.7,0.7,0.3,-10.5,0.0,0.25,0.091,0.5,0.1669999999999999,2021-22,2021-22,2021
11916,Daishen Nix,HOU,20.0,193.04,226.0,,USA,,,,24,3.2,1.4,1.7,-6.6,0.026,0.103,0.1669999999999999,0.48,0.208,2021-22,2021-22,2021
11917,Dakota Mathias,MEM,26.0,193.04,200.0,Purdue,USA,2018.0,,,6,1.0,0.3,0.2,-25.4,0.0,0.154,0.15,0.5,0.125,2021-22,2021-22,2021
11918,Dalano Banton,TOR,22.0,200.66,204.0,Nebraska,Canada,2021.0,2.0,46.0,64,3.2,1.9,1.5,1.5,0.048,0.124,0.159,0.4629999999999999,0.1969999999999999,2021-22,2021-22,2021
11919,Damian Jones,SAC,27.0,210.82,245.0,Vanderbilt,USA,2016.0,1.0,30.0,56,8.1,4.4,1.2,-6.8,0.074,0.1639999999999999,0.163,0.701,0.106,2021-22,2021-22,2021
11920,Damian Lillard,POR,31.0,187.96,195.0,Weber State,USA,2012.0,1.0,6.0,29,24.0,4.1,7.3,-1.8,0.012,0.104,0.288,0.55,0.321,2021-22,2021-22,2021
11921,D.J. Wilson,TOR,26.0,208.28,231.0,Michigan,USA,2017.0,1.0,17.0,4,7.5,4.0,1.3,-16.5,0.017,0.238,0.159,0.773,0.147,2021-22,2021-22,2021
11922,Damion Lee,GSW,29.0,195.58,210.0,Drexel,USA,,,,63,7.4,3.2,1.0,2.8,0.022,0.136,0.156,0.561,0.072,2021-22,2021-22,2021
11923,Daniel Gafford,WAS,23.0,205.74,234.0,Arkansas,USA,2019.0,2.0,38.0,72,9.4,5.7,0.9,-6.9,0.107,0.1689999999999999,0.16,0.708,0.071,2021-22,2021-22,2021
11924,Daniel Oturu,TOR,22.0,203.2,240.0,Minnesota,USA,2020.0,2.0,33.0,3,3.0,1.7,0.0,-36.8,0.036,0.148,0.125,0.5489999999999999,0.0,2021-22,2021-22,2021
11925,Daniel Theis,BOS,30.0,205.74,245.0,,Germany,,,,47,8.2,4.9,0.9,-3.9,0.061,0.159,0.162,0.595,0.068,2021-22,2021-22,2021
11926,Danilo Gallinari,ATL,33.0,208.28,236.0,,Italy,2008.0,1.0,6.0,66,11.7,4.7,1.5,3.4,0.021,0.161,0.182,0.579,0.086,2021-22,2021-22,2021
11927,Danny Green,PHI,35.0,198.12,215.0,North Carolina,USA,2009.0,2.0,46.0,62,5.9,2.5,1.0,3.0,0.025,0.091,0.121,0.561,0.065,2021-22,2021-22,2021
11928,Danuel House Jr.,UTA,29.0,198.12,220.0,Texas A&M,USA,,,,42,5.9,2.6,1.0,3.8,0.023,0.118,0.146,0.555,0.087,2021-22,2021-22,2021
11929,Damyean Dotson,NYK,28.0,195.58,210.0,Houston,USA,2017.0,2.0,44.0,2,2.0,1.0,0.5,-0.8,0.0,0.111,0.089,0.5,0.071,2021-22,2021-22,2021
11930,Brandon Ingram,NOP,24.0,203.2,190.0,Duke,USA,2016.0,1.0,2.0,55,22.7,5.8,5.6,3.3,0.019,0.152,0.291,0.5539999999999999,0.268,2021-22,2021-22,2021
11931,D.J. Augustin,LAL,34.0,180.34,183.0,Texas-Austin,USA,2008.0,1.0,9.0,55,5.3,1.2,1.9,-10.6,0.012,0.065,0.139,0.61,0.176,2021-22,2021-22,2021
11932,Craig Sword,WAS,28.0,190.5,196.0,Mississippi State,USA,,,,3,2.0,0.0,0.3,8.3,0.0,0.0,0.125,0.75,0.1,2021-22,2021-22,2021
11933,Chris Chiozza,GSW,26.0,180.34,175.0,Florida,USA,,,,34,2.0,1.1,1.9,-7.9,0.023,0.073,0.132,0.407,0.264,2021-22,2021-22,2021
11934,Chris Duarte,IND,25.0,195.58,190.0,Oregon,Dominican Republic,2021.0,1.0,13.0,55,13.1,4.1,2.1,-2.0,0.026,0.1169999999999999,0.207,0.537,0.11,2021-22,2021-22,2021
11935,Chris Paul,PHX,37.0,182.88,175.0,Wake Forest,USA,2005.0,1.0,4.0,65,14.7,4.4,10.8,10.0,0.011,0.113,0.1969999999999999,0.581,0.434,2021-22,2021-22,2021
11936,Chris Silva,MIA,25.0,203.2,234.0,South Carolina,Gabon,,,,10,2.6,3.6,0.7,-16.1,0.127,0.2739999999999999,0.123,0.6409999999999999,0.13,2021-22,2021-22,2021
11937,Christian Wood,HOU,26.0,205.74,214.0,UNLV,USA,,,,68,17.9,10.1,2.3,-9.1,0.051,0.265,0.233,0.595,0.124,2021-22,2021-22,2021
11938,Chuma Okeke,ORL,23.0,198.12,229.0,Auburn,USA,2019.0,1.0,16.0,70,8.6,5.0,1.7,-8.8,0.024,0.165,0.159,0.501,0.104,2021-22,2021-22,2021
11939,D'Angelo Russell,MIN,26.0,193.04,193.0,Ohio State,USA,2015.0,1.0,2.0,65,18.1,3.3,7.1,4.7,0.011,0.089,0.246,0.544,0.32,2021-22,2021-22,2021
11940,Clint Capela,ATL,28.0,208.28,256.0,,Switzerland,2014.0,1.0,25.0,74,11.1,11.9,1.2,3.3,0.133,0.284,0.149,0.604,0.062,2021-22,2021-22,2021
11941,Cody Martin,CHA,26.0,198.12,205.0,Nevada-Reno,USA,2019.0,2.0,36.0,71,7.7,4.0,2.5,0.1,0.043,0.108,0.12,0.579,0.124,2021-22,2021-22,2021
11942,Cody Zeller,POR,29.0,210.82,240.0,Indiana,USA,2013.0,1.0,4.0,27,5.2,4.6,0.8,-2.1,0.128,0.212,0.153,0.627,0.087,2021-22,2021-22,2021
11943,Cole Anthony,ORL,22.0,190.5,185.0,North Carolina,USA,2020.0,1.0,15.0,65,16.3,5.4,5.7,-5.4,0.015,0.145,0.245,0.519,0.281,2021-22,2021-22,2021
11944,Collin Sexton,CLE,23.0,185.42,190.0,Alabama,USA,2018.0,1.0,8.0,11,16.0,3.3,2.1,-5.8,0.0409999999999999,0.066,0.264,0.523,0.125,2021-22,2021-22,2021
11945,Corey Kispert,WAS,23.0,198.12,224.0,Gonzaga,USA,2021.0,1.0,15.0,77,8.2,2.7,1.1,0.1,0.03,0.084,0.142,0.586,0.064,2021-22,2021-22,2021
11946,Cory Joseph,DET,30.0,190.5,200.0,Texas-Austin,Canada,2011.0,1.0,29.0,65,8.0,2.7,3.6,-6.4,0.017,0.092,0.141,0.579,0.22,2021-22,2021-22,2021
11947,Coby White,CHI,22.0,193.04,195.0,North Carolina,USA,2019.0,1.0,7.0,61,12.7,3.0,2.9,-1.2,0.011,0.099,0.195,0.564,0.147,2021-22,2021-22,2021
11948,Brandon Goodwin,CLE,26.0,182.88,180.0,Florida Gulf Coast,USA,,,,36,4.8,1.9,2.5,-6.3,0.0279999999999999,0.11,0.177,0.501,0.278,2021-22,2021-22,2021
11949,Brandon Clarke,MEM,25.0,203.2,215.0,Gonzaga,Canada,2019.0,1.0,21.0,64,10.4,5.3,1.3,7.5,0.099,0.148,0.171,0.66,0.1009999999999999,2021-22,2021-22,2021
11950,Brandon Boston,LAC,20.0,198.12,188.0,Kentucky,USA,2021.0,2.0,51.0,51,6.7,2.2,1.0,-2.0,0.02,0.111,0.212,0.481,0.103,2021-22,2021-22,2021
11951,David Nwaba,HOU,29.0,195.58,219.0,Cal Poly,USA,,,,46,5.1,3.3,0.8,-9.0,0.061,0.179,0.15,0.5670000000000001,0.085,2021-22,2021-22,2021
11952,David Johnson,TOR,21.0,193.04,203.0,Louisville,USA,2021.0,2.0,47.0,2,0.0,0.0,0.0,-75.0,0.0,0.0,0.143,0.0,0.0,2021-22,2021-22,2021
11953,David Duke Jr.,BKN,22.0,193.04,204.0,Providence,USA,,,,22,4.7,3.0,0.8,0.1,0.077,0.105,0.15,0.444,0.066,2021-22,2021-22,2021
11954,Darren Collison,LAL,34.0,182.88,160.0,UCLA,USA,2009.0,1.0,21.0,3,1.3,1.3,0.7,-18.4,0.0,0.091,0.077,0.286,0.063,2021-22,2021-22,2021
11955,Aaron Gordon,DEN,26.0,203.2,235.0,Arizona,USA,2014.0,1.0,4.0,75,15.0,5.9,2.5,6.2,0.057,0.129,0.1939999999999999,0.602,0.109,2021-22,2021-22,2021
11956,Aaron Henry,PHI,22.0,195.58,210.0,Michigan State,USA,,,,6,0.3,0.2,0.0,-56.0,0.0,0.048,0.149,0.2,0.0,2021-22,2021-22,2021
11957,Davion Mitchell,SAC,23.0,182.88,202.0,Baylor,USA,2021.0,1.0,9.0,75,11.5,2.2,4.2,-6.0,0.015,0.062,0.2019999999999999,0.489,0.235,2021-22,2021-22,2021
11958,Aaron Holiday,PHX,25.0,182.88,185.0,UCLA,USA,2018.0,1.0,23.0,63,6.3,1.9,2.4,-1.4,0.023,0.092,0.182,0.544,0.223,2021-22,2021-22,2021
11959,Aaron Wiggins,OKC,23.0,193.04,190.0,Maryland,USA,2021.0,2.0,55.0,50,8.3,3.6,1.4,-8.1,0.04,0.098,0.149,0.556,0.083,2021-22,2021-22,2021
11960,Abdel Nader,PHX,28.0,195.58,225.0,Iowa State,Egypt,2016.0,2.0,58.0,14,2.4,1.9,0.5,-0.9,0.026,0.145,0.139,0.431,0.065,2021-22,2021-22,2021
11961,Ade Murkey,SAC,24.0,195.58,200.0,Denver,USA,,,,1,0.0,0.0,0.0,-33.3,0.0,0.0,0.0,0.0,0.0,2021-22,2021-22,2021
11962,Admiral Schofield,ORL,25.0,195.58,241.0,Tennessee,United Kingdom,2019.0,2.0,42.0,38,3.8,2.3,0.7,-13.5,0.033,0.146,0.143,0.5379999999999999,0.084,2021-22,2021-22,2021
11963,Ahmad Caver,IND,25.0,187.96,174.0,Old Dominion,USA,2019.0,,,1,2.0,0.0,0.0,133.3,0.0,0.0,0.5,1.0,0.0,2021-22,2021-22,2021
11964,Al Horford,BOS,36.0,205.74,240.0,Florida,Dominican Republic,2007.0,1.0,3.0,69,10.2,7.7,3.4,9.3,0.054,0.201,0.147,0.574,0.159,2021-22,2021-22,2021
11965,Aaron Nesmith,BOS,22.0,195.58,215.0,Vanderbilt,USA,2020.0,1.0,14.0,52,3.8,1.7,0.4,3.0,0.025,0.1169999999999999,0.1639999999999999,0.507,0.057,2021-22,2021-22,2021
11966,Alec Burks,NYK,30.0,198.12,214.0,Colorado,USA,2011.0,1.0,12.0,81,11.7,4.9,3.0,2.3,0.019,0.148,0.171,0.5589999999999999,0.158,2021-22,2021-22,2021
11967,Davis Bertans,DAL,29.0,208.28,225.0,,Latvia,2011.0,2.0,42.0,56,5.6,2.1,0.6,1.0,0.0139999999999999,0.127,0.165,0.531,0.054,2021-22,2021-22,2021
11968,Day'Ron Sharpe,BKN,20.0,205.74,265.0,North Carolina,USA,2021.0,1.0,29.0,32,6.2,5.0,0.5,6.9,0.1969999999999999,0.198,0.205,0.593,0.062,2021-22,2021-22,2021
11969,Deni Avdija,WAS,21.0,205.74,210.0,,Israel,2020.0,1.0,9.0,82,8.4,5.2,2.0,-1.0,0.027,0.182,0.158,0.536,0.1169999999999999,2021-22,2021-22,2021
11970,Delon Wright,ATL,30.0,195.58,185.0,Utah,USA,2015.0,1.0,20.0,77,4.4,2.9,2.4,2.8,0.035,0.1159999999999999,0.1009999999999999,0.5760000000000001,0.178,2021-22,2021-22,2021
11971,Dejounte Murray,SAS,25.0,193.04,180.0,Washington,USA,2016.0,1.0,29.0,68,21.1,8.3,9.2,1.9,0.031,0.196,0.268,0.5329999999999999,0.3879999999999999,2021-22,2021-22,2021
11972,Deividas Sirvydis,DET,22.0,203.2,190.0,,Lithuania,2019.0,2.0,37.0,3,1.0,2.0,0.3,-42.3,0.0,0.2,0.149,0.15,0.063,2021-22,2021-22,2021
11973,Deandre Ayton,PHX,23.0,210.82,250.0,Arizona,Bahamas,2018.0,1.0,1.0,58,17.2,10.2,1.4,9.6,0.093,0.241,0.217,0.6559999999999999,0.071,2021-22,2021-22,2021
11974,Dean Wade,CLE,25.0,205.74,228.0,Kansas State,USA,,,,51,5.3,2.9,1.0,2.0,0.031,0.12,0.107,0.584,0.077,2021-22,2021-22,2021
11975,Davon Reed,DEN,27.0,195.58,206.0,Miami,USA,2017.0,2.0,32.0,48,4.4,2.3,1.1,0.3,0.021,0.14,0.1169999999999999,0.624,0.115,2021-22,2021-22,2021
11976,DeMarcus Cousins,DEN,31.0,208.28,270.0,Kentucky,USA,2010.0,1.0,5.0,48,9.0,5.6,1.5,2.2,0.103,0.281,0.267,0.5670000000000001,0.153,2021-22,2021-22,2021
11977,DeJon Jarreau,IND,24.0,195.58,185.0,Houston,USA,,,,1,0.0,0.0,0.0,100.0,0.0,0.0,0.0,0.0,0.0,2021-22,2021-22,2021
11978,DeAndre' Bembry,MIL,27.0,195.58,210.0,St. Joseph's (PA),USA,2016.0,1.0,21.0,56,5.1,2.9,1.2,-0.6,0.042,0.106,0.111,0.601,0.087,2021-22,2021-22,2021
11979,DeAndre Jordan,PHI,33.0,210.82,265.0,Texas A&M,USA,2008.0,2.0,35.0,48,4.3,5.5,0.4,-10.8,0.127,0.262,0.132,0.6409999999999999,0.051,2021-22,2021-22,2021
11980,De'Anthony Melton,MEM,24.0,187.96,200.0,Southern California,USA,2018.0,2.0,46.0,73,10.8,4.5,2.7,5.6,0.034,0.15,0.205,0.529,0.157,2021-22,2021-22,2021
11981,De'Andre Hunter,ATL,24.0,203.2,221.0,Virginia,USA,2019.0,1.0,4.0,53,13.4,3.3,1.3,0.7,0.016,0.093,0.1939999999999999,0.547,0.06,2021-22,2021-22,2021
11982,De'Aaron Fox,SAC,24.0,190.5,185.0,Kentucky,USA,2017.0,1.0,5.0,59,23.2,3.9,5.6,-4.4,0.012,0.096,0.284,0.5489999999999999,0.254,2021-22,2021-22,2021
11983,DeMar DeRozan,CHI,32.0,198.12,220.0,Southern California,USA,2009.0,1.0,9.0,76,27.9,5.2,4.9,1.1,0.021,0.122,0.308,0.59,0.228,2021-22,2021-22,2021
11984,Jemerrio Jones,LAL,27.0,195.58,175.0,New Mexico State,USA,2018.0,,,2,2.0,1.5,0.0,-38.0,0.118,0.0559999999999999,0.083,0.667,0.0,2021-22,2021-22,2021
11985,Aleem Ford,ORL,24.0,203.2,220.0,Wisconsin,USA,,,,5,2.8,3.0,0.4,-22.1,0.0279999999999999,0.16,0.148,0.35,0.043,2021-22,2021-22,2021
11986,Alex Caruso,CHI,28.0,195.58,186.0,Texas A&M,USA,,,,41,7.4,3.6,4.0,5.1,0.0289999999999999,0.1009999999999999,0.13,0.528,0.1939999999999999,2021-22,2021-22,2021
11987,Ayo Dosunmu,CHI,22.0,193.04,200.0,Illinois,USA,2021.0,2.0,38.0,77,8.8,2.8,3.3,-5.0,0.013,0.09,0.138,0.596,0.1639999999999999,2021-22,2021-22,2021
11988,BJ Johnson,ORL,26.0,198.12,200.0,La Salle,USA,,,,4,6.5,3.8,0.0,-9.2,0.091,0.122,0.1689999999999999,0.52,0.0,2021-22,2021-22,2021
11989,Bam Adebayo,MIA,24.0,205.74,255.0,Kentucky,USA,2017.0,1.0,14.0,56,19.1,10.1,3.4,8.1,0.08,0.2339999999999999,0.248,0.608,0.172,2021-22,2021-22,2021
11990,Ben McLemore,POR,29.0,190.5,195.0,Kansas,USA,2013.0,1.0,7.0,64,10.2,1.6,0.9,-13.1,0.009,0.072,0.207,0.5670000000000001,0.077,2021-22,2021-22,2021
11991,Bismack Biyombo,PHX,29.0,203.2,255.0,,DRC,2011.0,1.0,7.0,36,5.8,4.6,0.6,5.6,0.1169999999999999,0.207,0.1669999999999999,0.596,0.064,2021-22,2021-22,2021
11992,Blake Griffin,BKN,33.0,205.74,250.0,Oklahoma,USA,2009.0,1.0,1.0,56,6.4,4.1,1.9,-4.7,0.061,0.1689999999999999,0.1669999999999999,0.518,0.157,2021-22,2021-22,2021
11993,Avery Bradley,LAL,31.0,190.5,180.0,Texas-Austin,USA,2010.0,1.0,19.0,62,6.4,2.2,0.8,-5.8,0.021,0.073,0.119,0.55,0.046,2021-22,2021-22,2021
11994,Boban Marjanovic,DAL,33.0,220.98,290.0,,Serbia,,,,23,4.3,1.7,0.1,12.8,0.066,0.228,0.311,0.615,0.044,2021-22,2021-22,2021
11995,Bogdan Bogdanovic,ATL,29.0,198.12,225.0,,Serbia,2014.0,1.0,27.0,63,15.1,4.0,3.1,4.5,0.016,0.1159999999999999,0.212,0.562,0.152,2021-22,2021-22,2021
11996,Bojan Bogdanovic,UTA,33.0,200.66,226.0,,Croatia,2011.0,2.0,31.0,69,18.1,4.3,1.7,4.8,0.027,0.106,0.2319999999999999,0.599,0.086,2021-22,2021-22,2021
11997,Bol Bol,ORL,22.0,218.44,220.0,Oregon,Sudan,2019.0,2.0,44.0,14,2.4,1.4,0.4,0.5,0.049,0.211,0.16,0.565,0.102,2021-22,2021-22,2021
11998,Bones Hyland,DEN,21.0,187.96,169.0,Virginia Commonwealth,USA,2021.0,1.0,26.0,69,10.1,2.7,2.8,1.7,0.011,0.133,0.231,0.5579999999999999,0.22,2021-22,2021-22,2021
11999,Brad Wanamaker,WAS,32.0,190.5,210.0,Pittsburgh,USA,,,,23,3.6,1.7,2.4,-6.4,0.018,0.107,0.146,0.472,0.243,2021-22,2021-22,2021
12000,Bradley Beal,WAS,29.0,193.04,207.0,Florida,USA,2012.0,1.0,3.0,40,23.2,4.7,6.6,-3.5,0.026,0.099,0.297,0.539,0.309,2021-22,2021-22,2021
12001,Bobby Portis,MIL,27.0,208.28,250.0,Arkansas,USA,2015.0,1.0,22.0,72,14.6,9.1,1.2,6.3,0.085,0.218,0.207,0.5710000000000001,0.061,2021-22,2021-22,2021
12002,Alekesej Pokusevski,OKC,20.0,213.36,190.0,,Serbia,2020.0,1.0,17.0,61,7.6,5.2,2.1,-2.5,0.054,0.1889999999999999,0.195,0.485,0.161,2021-22,2021-22,2021
12003,Austin Rivers,DEN,29.0,193.04,200.0,Duke,USA,2012.0,1.0,10.0,67,6.0,1.7,1.3,1.9,0.0139999999999999,0.063,0.123,0.546,0.0819999999999999,2021-22,2021-22,2021
12004,Arnoldas Kulboka,CHA,24.0,208.28,209.0,,Lithuania,2018.0,2.0,55.0,2,0.0,0.0,0.0,-100.0,0.0,0.0,0.071,0.0,0.0,2021-22,2021-22,2021
12005,Alex Len,SAC,29.0,213.36,250.0,Maryland,Ukraine,2013.0,1.0,5.0,39,6.0,4.1,1.2,-5.5,0.076,0.168,0.165,0.5770000000000001,0.104,2021-22,2021-22,2021
12006,Alfonzo McKinnie,CHI,29.0,200.66,215.0,Wisc.-Green Bay,USA,,,,17,3.5,1.9,0.3,-12.9,0.059,0.115,0.148,0.457,0.034,2021-22,2021-22,2021
12007,Alize Johnson,NOP,26.0,203.2,212.0,Missouri State,USA,2018.0,2.0,50.0,23,1.8,2.7,0.4,-10.6,0.156,0.2019999999999999,0.14,0.4629999999999999,0.08,2021-22,2021-22,2021
12008,Alperen Sengun,HOU,19.0,208.28,243.0,,Turkey,2021.0,1.0,16.0,72,9.6,5.5,2.6,-10.2,0.089,0.174,0.214,0.552,0.193,2021-22,2021-22,2021
12009,Amir Coffey,LAC,25.0,200.66,210.0,Minnesota,USA,,,,69,9.0,2.9,1.8,-0.9,0.017,0.102,0.154,0.598,0.1119999999999999,2021-22,2021-22,2021
12010,Andre Drummond,BKN,28.0,208.28,279.0,Connecticut,USA,2012.0,1.0,9.0,73,7.9,9.3,1.8,2.4,0.155,0.305,0.181,0.574,0.13,2021-22,2021-22,2021
12011,Austin Reaves,LAL,24.0,195.58,197.0,Oklahoma,USA,,,,61,7.3,3.2,1.8,1.8,0.031,0.099,0.121,0.6,0.1009999999999999,2021-22,2021-22,2021
12012,Andre Iguodala,GSW,38.0,198.12,215.0,Arizona,USA,2004.0,1.0,9.0,31,4.0,3.2,3.7,8.7,0.035,0.1169999999999999,0.113,0.478,0.263,2021-22,2021-22,2021
12013,Anfernee Simons,POR,23.0,190.5,181.0,,USA,2018.0,1.0,24.0,57,17.3,2.6,3.9,-2.5,0.015,0.075,0.244,0.583,0.2189999999999999,2021-22,2021-22,2021
12014,Anthony Davis,LAL,29.0,208.28,253.0,Kentucky,USA,2012.0,1.0,1.0,40,23.2,9.9,3.1,-3.0,0.072,0.196,0.263,0.578,0.147,2021-22,2021-22,2021
12015,Anthony Edwards,MIN,20.0,193.04,225.0,Georgia,USA,2020.0,1.0,1.0,72,21.3,4.8,3.8,4.0,0.023,0.113,0.262,0.56,0.173,2021-22,2021-22,2021
12016,Anthony Gill,WAS,29.0,200.66,230.0,Virginia,USA,,,,44,4.1,1.9,0.6,5.8,0.075,0.1119999999999999,0.138,0.682,0.08,2021-22,2021-22,2021
12017,Anthony Lamb,HOU,24.0,198.12,227.0,Vermont,USA,,,,2,0.0,0.5,1.0,29.4,0.0,0.125,0.105,0.0,0.4,2021-22,2021-22,2021
12018,Armoni Brooks,TOR,24.0,190.5,195.0,Houston,USA,2019.0,,,54,5.3,1.9,1.1,-3.8,0.021,0.0969999999999999,0.159,0.483,0.105,2021-22,2021-22,2021
12019,Andrew Wiggins,GSW,27.0,200.66,197.0,Kansas,Canada,2014.0,1.0,1.0,73,17.2,4.5,2.2,5.8,0.036,0.095,0.2239999999999999,0.56,0.109,2021-22,2021-22,2021
12020,Jerami Grant,DET,28.0,203.2,210.0,Syracuse,USA,2014.0,2.0,39.0,47,19.2,4.1,2.4,-7.8,0.017,0.108,0.253,0.556,0.13,2021-22,2021-22,2021
12021,Jordan McLaughlin,MIN,26.0,180.34,185.0,Southern California,USA,,,,62,3.8,1.5,2.9,2.4,0.023,0.075,0.115,0.535,0.258,2021-22,2021-22,2021
12022,Jeremy Lamb,SAC,30.0,195.58,180.0,Connecticut,USA,2012.0,1.0,12.0,56,7.3,2.8,1.4,0.6,0.026,0.134,0.1889999999999999,0.521,0.124,2021-22,2021-22,2021
12023,P.J. Dozier,DEN,25.0,198.12,205.0,South Carolina,USA,,,,18,5.4,3.5,1.6,-12.9,0.038,0.144,0.147,0.4629999999999999,0.135,2021-22,2021-22,2021
12024,Otto Porter Jr.,GSW,29.0,203.2,198.0,Georgetown,USA,2013.0,1.0,3.0,63,8.2,5.7,1.5,6.8,0.06,0.1889999999999999,0.145,0.581,0.0969999999999999,2021-22,2021-22,2021
12025,Oshae Brissett,IND,24.0,200.66,210.0,Syracuse,Canada,,,,67,9.1,5.3,1.1,-6.0,0.065,0.165,0.166,0.53,0.064,2021-22,2021-22,2021
12026,Onyeka Okongwu,ATL,21.0,203.2,240.0,Southern California,USA,2020.0,1.0,6.0,48,8.2,5.9,1.1,5.5,0.1169999999999999,0.163,0.1369999999999999,0.7140000000000001,0.078,2021-22,2021-22,2021
12027,Omer Yurtseven,MIA,24.0,210.82,275.0,Georgetown,Turkey,,,,56,5.3,5.3,0.9,5.3,0.12,0.293,0.19,0.546,0.105,2021-22,2021-22,2021
12028,Olivier Sarr,OKC,23.0,213.36,240.0,Kentucky,France,,,,22,7.0,4.2,0.9,-2.0,0.078,0.133,0.136,0.672,0.066,2021-22,2021-22,2021
12029,Obi Toppin,NYK,24.0,205.74,220.0,Dayton,USA,2020.0,1.0,8.0,72,9.0,3.7,1.1,6.9,0.0559999999999999,0.155,0.205,0.614,0.105,2021-22,2021-22,2021
12030,OG Anunoby,TOR,24.0,200.66,232.0,Indiana,United Kingdom,2017.0,1.0,23.0,48,17.1,5.5,2.6,3.9,0.04,0.1159999999999999,0.204,0.5489999999999999,0.108,2021-22,2021-22,2021
12031,Norvel Pelle,UTA,29.0,208.28,231.0,Iona,USA,,,,3,2.0,2.0,0.0,-54.2,0.15,0.158,0.152,0.6,0.0,2021-22,2021-22,2021
12032,Norman Powell,LAC,29.0,190.5,215.0,UCLA,USA,2015.0,2.0,46.0,45,19.0,3.2,2.1,-8.1,0.013,0.089,0.231,0.603,0.106,2021-22,2021-22,2021
12033,Nikola Vucevic,CHI,31.0,208.28,260.0,Southern California,Montenegro,2011.0,1.0,16.0,73,17.6,11.0,3.2,-1.6,0.06,0.2739999999999999,0.244,0.5329999999999999,0.153,2021-22,2021-22,2021
12034,Nikola Jokic,DEN,27.0,210.82,284.0,,Serbia,2014.0,2.0,41.0,74,27.1,13.8,7.9,8.4,0.09,0.313,0.309,0.6609999999999999,0.3879999999999999,2021-22,2021-22,2021
12035,Nik Stauskas,BOS,28.0,198.12,207.0,Michigan,Canada,2014.0,1.0,8.0,8,2.3,0.4,0.3,19.3,0.024,0.049,0.184,0.541,0.065,2021-22,2021-22,2021
12036,Nicolas Batum,LAC,33.0,203.2,230.0,,France,2008.0,1.0,25.0,59,8.3,4.3,1.7,-4.4,0.019,0.146,0.13,0.608,0.099,2021-22,2021-22,2021
12037,Nickeil Alexander-Walker,UTA,23.0,195.58,205.0,Virginia Tech,Canada,2019.0,1.0,17.0,65,10.6,2.9,2.4,-3.1,0.024,0.103,0.237,0.475,0.166,2021-22,2021-22,2021
12038,Nick Richards,CHA,24.0,213.36,245.0,Kentucky,Jamaica,2020.0,2.0,42.0,50,3.0,1.7,0.3,-13.0,0.086,0.1369999999999999,0.147,0.6890000000000001,0.054,2021-22,2021-22,2021
12039,Nic Claxton,BKN,23.0,210.82,215.0,Georgia,USA,2019.0,2.0,31.0,47,8.7,5.6,0.9,-0.4,0.098,0.157,0.15,0.672,0.066,2021-22,2021-22,2021
12040,Moses Brown,CLE,22.0,218.44,245.0,UCLA,USA,,,,40,4.3,3.4,0.0,-6.2,0.11,0.257,0.1989999999999999,0.612,0.005,2021-22,2021-22,2021
12041,Moses Moody,GSW,20.0,195.58,211.0,Arkansas,USA,2021.0,1.0,14.0,52,4.4,1.5,0.4,-4.0,0.0279999999999999,0.098,0.148,0.573,0.0559999999999999,2021-22,2021-22,2021
12042,Moses Wright,DAL,23.0,203.2,226.0,Georgia Tech,USA,,,,4,1.3,0.8,0.5,-21.9,0.083,0.143,0.139,0.47,0.182,2021-22,2021-22,2021
12043,Mychal Mulder,MIA,28.0,190.5,195.0,Kentucky,Canada,,,,17,4.1,1.4,0.3,-10.3,0.0069999999999999,0.089,0.153,0.4379999999999999,0.031,2021-22,2021-22,2021
12044,Myles Powell,PHI,24.0,187.96,195.0,Seton Hall,USA,,,,11,1.2,0.5,0.3,-15.1,0.019,0.098,0.163,0.364,0.088,2021-22,2021-22,2021
12045,Myles Turner,IND,26.0,210.82,250.0,Texas-Austin,USA,2015.0,1.0,11.0,42,12.9,7.1,1.0,-0.3,0.052,0.188,0.173,0.615,0.053,2021-22,2021-22,2021
12046,P.J. Tucker,MIA,37.0,195.58,245.0,Texas-Austin,USA,2006.0,2.0,35.0,71,7.6,5.5,2.1,6.2,0.052,0.146,0.1159999999999999,0.593,0.107,2021-22,2021-22,2021
12047,Naji Marshall,NOP,24.0,200.66,220.0,Xavier,USA,,,,55,5.7,2.6,1.1,-2.2,0.047,0.142,0.1969999999999999,0.505,0.126,2021-22,2021-22,2021
12048,Nate Hinton,IND,23.0,195.58,210.0,Houston,USA,,,,2,0.0,0.0,0.0,76.2,0.0,0.0,0.25,0.0,0.0,2021-22,2021-22,2021
12049,Nathan Knight,MIN,24.0,208.28,253.0,William & Mary,USA,,,,37,3.7,2.3,0.6,3.6,0.114,0.174,0.203,0.603,0.126,2021-22,2021-22,2021
12050,Naz Reid,MIN,22.0,205.74,264.0,Louisiana State,USA,,,,77,8.3,3.9,0.9,-2.4,0.074,0.161,0.209,0.588,0.091,2021-22,2021-22,2021
12051,Neemias Queta,SAC,22.0,213.36,248.0,Utah State,Portugal,2021.0,2.0,39.0,15,3.0,2.1,0.4,-4.1,0.104,0.144,0.176,0.495,0.076,2021-22,2021-22,2021
12052,Nemanja Bjelica,GSW,34.0,205.74,234.0,,Serbia,2010.0,2.0,35.0,71,6.1,4.1,2.2,5.2,0.055,0.187,0.175,0.573,0.204,2021-22,2021-22,2021
12053,Nerlens Noel,NYK,28.0,210.82,220.0,Kentucky,USA,2013.0,1.0,6.0,25,3.4,5.6,0.9,-5.7,0.084,0.161,0.072,0.581,0.06,2021-22,2021-22,2021
12054,Nassir Little,POR,22.0,195.58,220.0,North Carolina,USA,2019.0,1.0,25.0,42,9.8,5.6,1.3,-0.9,0.052,0.158,0.155,0.575,0.074,2021-22,2021-22,2021
12055,P.J. Washington,CHA,23.0,200.66,230.0,Kentucky,USA,2019.0,1.0,12.0,65,10.3,5.2,2.3,3.5,0.044,0.142,0.154,0.588,0.1119999999999999,2021-22,2021-22,2021
12056,Paris Bass,PHX,26.0,203.2,200.0,Detroit Mercy,USA,,,,2,3.0,2.0,0.0,0.7,0.2,0.222,0.36,0.436,0.0,2021-22,2021-22,2021
12057,Pascal Siakam,TOR,28.0,203.2,230.0,New Mexico State,Cameroon,2016.0,1.0,27.0,68,22.8,8.5,5.3,4.8,0.046,0.182,0.257,0.565,0.2239999999999999,2021-22,2021-22,2021
12058,Rayjon Tucker,MIL,24.0,190.5,209.0,Arkansas-Little Rock,USA,,,,5,4.2,1.6,2.0,-2.7,0.051,0.076,0.075,0.8690000000000001,0.172,2021-22,2021-22,2021
12059,Reggie Bullock,DAL,31.0,198.12,205.0,North Carolina,USA,2013.0,1.0,25.0,68,8.6,3.5,1.2,6.6,0.017,0.106,0.128,0.5579999999999999,0.06,2021-22,2021-22,2021
12060,Reggie Jackson,LAC,32.0,187.96,208.0,Boston College,USA,2011.0,1.0,24.0,75,16.8,3.6,4.8,-1.3,0.016,0.092,0.273,0.488,0.245,2021-22,2021-22,2021
12061,Reggie Perry,POR,22.0,203.2,250.0,Mississippi State,USA,2020.0,2.0,57.0,10,9.2,4.7,1.2,-16.6,0.074,0.165,0.222,0.537,0.118,2021-22,2021-22,2021
12062,Richaun Holmes,SAC,28.0,208.28,235.0,Bowling Green,USA,2015.0,2.0,37.0,45,10.4,7.0,1.1,-5.8,0.0819999999999999,0.198,0.153,0.6890000000000001,0.068,2021-22,2021-22,2021
12063,Ricky Rubio,IND,31.0,187.96,190.0,,Spain,2009.0,1.0,5.0,34,13.1,4.1,6.6,9.1,0.015,0.122,0.2339999999999999,0.488,0.348,2021-22,2021-22,2021
12064,Raul Neto,WAS,30.0,187.96,180.0,,Brazil,2013.0,2.0,47.0,70,7.5,1.9,3.1,-3.3,0.01,0.089,0.18,0.5379999999999999,0.228,2021-22,2021-22,2021
12065,Rob Edwards,OKC,25.0,195.58,205.0,Arizona State,USA,,,,2,1.5,1.5,0.0,-59.1,0.0,0.214,0.2269999999999999,0.375,0.0,2021-22,2021-22,2021
12066,Robert Williams III,BOS,24.0,205.74,237.0,Texas A&M,USA,2018.0,1.0,27.0,61,10.0,9.6,2.0,10.0,0.131,0.178,0.1119999999999999,0.745,0.095,2021-22,2021-22,2021
12067,Robert Woodard II,SAS,22.0,198.12,235.0,Mississippi State,USA,2020.0,2.0,40.0,12,0.6,0.9,0.3,16.7,0.086,0.146,0.158,0.207,0.086,2021-22,2021-22,2021
12068,Robin Lopez,ORL,34.0,213.36,281.0,Stanford,USA,2008.0,1.0,15.0,36,7.1,3.5,1.5,-6.4,0.098,0.089,0.182,0.57,0.142,2021-22,2021-22,2021
12069,Rodney Hood,LAC,29.0,203.2,208.0,Duke,USA,2014.0,1.0,23.0,52,3.1,1.5,0.7,0.8,0.021,0.081,0.106,0.493,0.074,2021-22,2021-22,2021
12070,Rodney McGruder,DET,30.0,193.04,205.0,Kansas State,USA,,,,51,5.4,2.2,0.9,-3.7,0.037,0.104,0.142,0.5770000000000001,0.094,2021-22,2021-22,2021
12071,Romeo Langford,SAS,22.0,195.58,216.0,Indiana,USA,2019.0,1.0,14.0,48,4.5,2.3,0.4,1.0,0.035,0.092,0.123,0.52,0.04,2021-22,2021-22,2021
12072,Robert Covington,LAC,31.0,200.66,209.0,Tennessee State,USA,,,,71,8.5,5.5,1.3,0.6,0.03,0.1669999999999999,0.134,0.5720000000000001,0.066,2021-22,2021-22,2021
12073,Moritz Wagner,ORL,25.0,210.82,245.0,Michigan,Germany,2018.0,1.0,25.0,63,9.0,3.7,1.4,-7.2,0.0409999999999999,0.19,0.2239999999999999,0.623,0.151,2021-22,2021-22,2021
12074,Rajon Rondo,CLE,36.0,185.42,180.0,Kentucky,USA,2006.0,1.0,21.0,39,4.8,2.8,4.4,-7.8,0.02,0.118,0.152,0.496,0.366,2021-22,2021-22,2021
12075,RJ Barrett,NYK,22.0,198.12,214.0,Duke,Canada,2019.0,1.0,3.0,70,20.0,5.8,3.0,-3.3,0.025,0.136,0.268,0.511,0.146,2021-22,2021-22,2021
12076,Pat Connaughton,MIL,29.0,195.58,209.0,Notre Dame,USA,2015.0,2.0,41.0,65,9.9,4.2,1.3,-0.7,0.025,0.13,0.1369999999999999,0.62,0.067,2021-22,2021-22,2021
12077,Patrick Beverley,MIN,33.0,185.42,180.0,Arkansas,USA,2009.0,2.0,42.0,58,9.2,4.1,4.6,3.7,0.038,0.119,0.158,0.539,0.249,2021-22,2021-22,2021
12078,Patrick Williams,CHI,20.0,200.66,215.0,Florida State,USA,2020.0,1.0,4.0,17,9.0,4.1,0.9,-5.5,0.04,0.132,0.139,0.637,0.051,2021-22,2021-22,2021
12079,Patty Mills,BKN,33.0,182.88,180.0,St.Mary's College of California,Australia,2009.0,2.0,55.0,81,11.4,1.9,2.3,1.5,0.008,0.055,0.16,0.563,0.106,2021-22,2021-22,2021
12080,Paul George,LAC,32.0,203.2,220.0,Fresno State,USA,2010.0,1.0,10.0,31,24.3,6.9,5.7,4.2,0.011,0.171,0.3289999999999999,0.5379999999999999,0.286,2021-22,2021-22,2021
12081,Paul Millsap,PHI,37.0,200.66,257.0,Louisiana Tech,USA,2006.0,2.0,47.0,33,3.5,3.5,0.9,-3.5,0.096,0.182,0.158,0.4579999999999999,0.121,2021-22,2021-22,2021
12082,RJ Nembhard Jr.,CLE,23.0,193.04,200.0,TCU,USA,,,,14,1.1,0.5,0.9,-8.4,0.042,0.0559999999999999,0.16,0.38,0.3429999999999999,2021-22,2021-22,2021
12083,Paul Reed,PHI,23.0,205.74,210.0,DePaul,USA,2020.0,2.0,58.0,38,3.1,2.4,0.4,-6.2,0.1369999999999999,0.1639999999999999,0.151,0.568,0.081,2021-22,2021-22,2021
12084,Payton Pritchard,BOS,24.0,185.42,195.0,Oregon,USA,2020.0,1.0,26.0,71,6.2,1.9,2.0,2.2,0.031,0.093,0.18,0.578,0.222,2021-22,2021-22,2021
12085,Petr Cornelie,DEN,26.0,210.82,220.0,,France,2016.0,2.0,53.0,13,1.1,1.1,0.2,5.8,0.159,0.2189999999999999,0.208,0.418,0.115,2021-22,2021-22,2021
12086,Precious Achiuwa,TOR,22.0,203.2,225.0,Memphis,Nigeria,2020.0,1.0,20.0,73,9.1,6.5,1.1,1.9,0.075,0.188,0.18,0.503,0.072,2021-22,2021-22,2021
12087,Quentin Grimes,NYK,22.0,193.04,210.0,Houston,USA,2021.0,1.0,25.0,46,6.0,2.0,1.0,-3.0,0.0279999999999999,0.085,0.149,0.565,0.095,2021-22,2021-22,2021
12088,Quinndary Weatherspoon,GSW,25.0,190.5,205.0,Mississippi State,USA,2019.0,2.0,49.0,11,2.7,1.3,0.5,-8.6,0.0289999999999999,0.182,0.15,0.647,0.102,2021-22,2021-22,2021
12089,R.J. Hampton,ORL,21.0,193.04,175.0,,USA,2020.0,1.0,24.0,64,7.6,3.0,2.5,-14.5,0.015,0.12,0.18,0.481,0.179,2021-22,2021-22,2021
12090,Paul Watson,OKC,27.0,198.12,210.0,Fresno State,USA,,,,9,3.4,3.0,0.9,-17.9,0.016,0.145,0.106,0.432,0.074,2021-22,2021-22,2021
12091,Royce O'Neale,UTA,29.0,195.58,226.0,Baylor,USA,,,,77,7.4,4.8,2.5,5.3,0.027,0.12,0.098,0.608,0.104,2021-22,2021-22,2021
12092,Montrezl Harrell,CHA,28.0,200.66,240.0,Louisville,USA,2015.0,2.0,32.0,71,13.1,6.1,2.0,3.0,0.092,0.163,0.198,0.68,0.139,2021-22,2021-22,2021
12093,Mo Bamba,ORL,24.0,213.36,231.0,Texas-Austin,USA,2018.0,1.0,6.0,71,10.6,8.1,1.2,-9.6,0.077,0.214,0.17,0.5820000000000001,0.073,2021-22,2021-22,2021
12094,Mac McClung,LAL,23.0,187.96,185.0,Texas Tech,USA,,,,2,4.0,1.5,0.5,19.2,0.0,0.107,0.1639999999999999,0.621,0.059,2021-22,2021-22,2021
12095,M.J. Walker,PHX,24.0,195.58,213.0,Florida State,USA,,,,2,0.0,0.5,0.5,-19.5,0.0,0.143,0.138,0.0,0.1669999999999999,2021-22,2021-22,2021
12096,Luke Kornet,BOS,26.0,218.44,250.0,Vanderbilt,USA,,,,15,2.0,1.9,0.6,10.4,0.118,0.142,0.1119999999999999,0.506,0.108,2021-22,2021-22,2021
12097,Luke Kennard,LAC,26.0,195.58,206.0,Duke,USA,2017.0,1.0,12.0,70,11.9,3.3,2.1,3.4,0.01,0.1,0.16,0.619,0.111,2021-22,2021-22,2021
12098,Luka Garza,DET,23.0,208.28,243.0,Iowa,USA,2021.0,2.0,52.0,32,5.8,3.1,0.6,-6.3,0.13,0.1159999999999999,0.195,0.535,0.086,2021-22,2021-22,2021
12099,Luka Doncic,DAL,23.0,200.66,230.0,,Slovenia,2018.0,1.0,3.0,65,28.4,9.1,8.7,3.5,0.025,0.23,0.368,0.5710000000000001,0.4579999999999999,2021-22,2021-22,2021
12100,Luguentz Dort,OKC,23.0,190.5,215.0,Arizona State,Canada,,,,51,17.2,4.2,1.7,-8.1,0.02,0.0969999999999999,0.228,0.541,0.087,2021-22,2021-22,2021
12101,Louis King,SAC,23.0,200.66,205.0,Oregon,USA,,,,10,4.5,1.2,0.9,-11.9,0.0,0.115,0.195,0.4379999999999999,0.125,2021-22,2021-22,2021
12102,Lou Williams,ATL,35.0,187.96,175.0,,USA,2005.0,2.0,45.0,56,6.3,1.6,1.9,0.8,0.02,0.084,0.215,0.5,0.196,2021-22,2021-22,2021
12103,Lonzo Ball,CHI,24.0,198.12,190.0,UCLA,USA,2017.0,1.0,2.0,35,13.0,5.4,5.1,3.1,0.0289999999999999,0.125,0.17,0.575,0.203,2021-22,2021-22,2021
12104,Lonnie Walker IV,SAS,23.0,193.04,204.0,Miami,USA,2018.0,1.0,18.0,70,12.1,2.6,2.2,-3.0,0.01,0.095,0.2319999999999999,0.512,0.1369999999999999,2021-22,2021-22,2021
12105,Lindy Waters III,OKC,24.0,198.12,215.0,Oklahoma State,USA,,,,25,8.0,2.9,1.0,-4.7,0.012,0.14,0.166,0.562,0.078,2021-22,2021-22,2021
12106,Lindell Wigginton,MIL,24.0,185.42,189.0,Iowa State,Canada,2019.0,,,19,4.2,1.3,1.2,-11.8,0.015,0.106,0.183,0.524,0.1669999999999999,2021-22,2021-22,2021
12107,Leandro Bolmaro,MIN,21.0,198.12,200.0,,Argentina,2020.0,1.0,23.0,35,1.4,1.2,0.6,0.2,0.062,0.107,0.122,0.419,0.118,2021-22,2021-22,2021
12108,LeBron James,LAL,37.0,205.74,250.0,,USA,2003.0,1.0,1.0,56,30.3,8.2,6.2,-2.5,0.031,0.185,0.317,0.619,0.297,2021-22,2021-22,2021
12109,Lauri Markkanen,CLE,25.0,210.82,240.0,Arizona,Finland,2017.0,1.0,7.0,61,14.8,5.7,1.3,3.9,0.033,0.147,0.192,0.5820000000000001,0.062,2021-22,2021-22,2021
12110,Kris Dunn,POR,28.0,190.5,205.0,Providence,USA,2016.0,1.0,5.0,14,7.6,3.5,5.6,-12.0,0.027,0.12,0.176,0.482,0.3389999999999999,2021-22,2021-22,2021
12111,Jeremiah Robinson-Earl,OKC,21.0,203.2,242.0,Villanova,USA,2021.0,2.0,32.0,49,7.5,5.6,1.0,-9.8,0.061,0.172,0.152,0.526,0.069,2021-22,2021-22,2021
12112,Kristaps Porzingis,WAS,26.0,220.98,240.0,,Latvia,2015.0,1.0,4.0,51,20.2,8.1,2.3,0.4,0.068,0.204,0.286,0.5770000000000001,0.133,2021-22,2021-22,2021
12113,Kyle Anderson,MEM,28.0,205.74,230.0,UCLA,USA,2014.0,1.0,30.0,69,7.6,5.3,2.7,2.0,0.0409999999999999,0.196,0.156,0.506,0.162,2021-22,2021-22,2021
12114,Kyle Guy,MIA,24.0,185.42,167.0,Virginia,USA,2019.0,2.0,55.0,19,3.9,0.9,0.9,-13.6,0.02,0.069,0.182,0.526,0.149,2021-22,2021-22,2021
12115,Kyle Kuzma,WAS,26.0,205.74,221.0,Utah,USA,2017.0,1.0,27.0,66,17.1,8.5,3.5,-6.1,0.032,0.213,0.238,0.547,0.1639999999999999,2021-22,2021-22,2021
12116,Kyle Lowry,MIA,36.0,182.88,196.0,Villanova,USA,2006.0,1.0,24.0,63,13.4,4.5,7.5,5.9,0.016,0.1159999999999999,0.178,0.6,0.321,2021-22,2021-22,2021
12117,Malachi Flynn,TOR,24.0,185.42,175.0,San Diego State,USA,2020.0,1.0,29.0,44,4.3,1.4,1.6,-2.6,0.016,0.0969999999999999,0.157,0.488,0.185,2021-22,2021-22,2021
12118,Kyrie Irving,BKN,30.0,187.96,195.0,Duke,Australia,2011.0,1.0,1.0,29,27.4,4.4,5.8,5.2,0.015,0.096,0.283,0.5920000000000001,0.235,2021-22,2021-22,2021
12119,LaMelo Ball,CHA,20.0,200.66,180.0,,USA,2020.0,1.0,3.0,75,20.1,6.7,7.6,1.5,0.042,0.157,0.271,0.5539999999999999,0.341,2021-22,2021-22,2021
12120,Lamar Stevens,CLE,24.0,198.12,230.0,Penn State,USA,,,,63,6.1,2.6,0.7,-1.3,0.048,0.1119999999999999,0.1689999999999999,0.544,0.066,2021-22,2021-22,2021
12121,Lance Stephenson,IND,31.0,195.58,210.0,Cincinnati,USA,2010.0,2.0,40.0,46,8.3,2.8,3.6,-7.0,0.0139999999999999,0.149,0.2189999999999999,0.536,0.298,2021-22,2021-22,2021
12122,Landry Shamet,PHX,25.0,193.04,190.0,Wichita State,USA,2018.0,1.0,26.0,69,8.3,1.8,1.6,4.9,0.01,0.072,0.16,0.55,0.104,2021-22,2021-22,2021
12123,Langston Galloway,MIL,30.0,185.42,200.0,St. Joseph's (PA),USA,,,,7,2.0,2.6,1.7,-6.6,0.023,0.106,0.118,0.2689999999999999,0.156,2021-22,2021-22,2021
12124,Larry Nance Jr.,NOP,29.0,200.66,245.0,Wyoming,USA,2015.0,1.0,27.0,46,7.0,5.4,1.8,-1.9,0.069,0.173,0.128,0.59,0.115,2021-22,2021-22,2021
12125,LaMarcus Aldridge,BKN,36.0,210.82,250.0,Texas-Austin,USA,2006.0,1.0,2.0,47,12.9,5.5,0.9,0.1,0.071,0.16,0.2189999999999999,0.604,0.062,2021-22,2021-22,2021
12126,Malcolm Brogdon,IND,29.0,195.58,229.0,Virginia,USA,2016.0,2.0,36.0,36,19.1,5.1,5.9,-0.4,0.026,0.121,0.241,0.557,0.271,2021-22,2021-22,2021
12127,Malcolm Hill,CHI,26.0,198.12,220.0,Illinois,USA,,,,19,3.8,1.8,0.4,-7.3,0.051,0.118,0.118,0.619,0.05,2021-22,2021-22,2021
12128,Malik Beasley,MIN,25.0,193.04,187.0,Florida State,USA,2016.0,1.0,19.0,79,12.1,2.9,1.5,2.0,0.012,0.1,0.1889999999999999,0.544,0.085,2021-22,2021-22,2021
12129,Matt Thomas,CHI,27.0,190.5,190.0,Iowa State,USA,,,,40,4.0,1.3,0.5,1.1,0.0069999999999999,0.096,0.1369999999999999,0.564,0.059,2021-22,2021-22,2021
12130,Maurice Harkless,SAC,29.0,200.66,220.0,St. John's,USA,2012.0,1.0,15.0,47,4.6,2.4,0.5,-4.2,0.0139999999999999,0.114,0.1119999999999999,0.561,0.035,2021-22,2021-22,2021
12131,Max Strus,MIA,26.0,195.58,215.0,DePaul,USA,,,,68,10.6,3.0,1.4,5.6,0.016,0.1119999999999999,0.177,0.614,0.086,2021-22,2021-22,2021
12132,Maxi Kleber,DAL,30.0,208.28,240.0,,Germany,,,,59,7.0,5.9,1.2,3.9,0.047,0.182,0.131,0.537,0.067,2021-22,2021-22,2021
12133,McKinley Wright IV,MIN,23.0,180.34,192.0,Colorado,USA,,,,5,1.0,0.0,0.6,-25.8,0.0,0.0,0.0819999999999999,0.833,0.231,2021-22,2021-22,2021
12134,Melvin Frazier Jr.,OKC,25.0,195.58,215.0,Tulane,USA,2018.0,2.0,35.0,3,10.7,4.3,0.3,-38.8,0.033,0.072,0.191,0.313,0.013,2021-22,2021-22,2021
12135,Matt Ryan,BOS,25.0,200.66,215.0,Tennessee-Chattanooga,USA,,,,1,3.0,0.0,0.0,25.0,0.0,0.0,0.357,0.3,0.0,2021-22,2021-22,2021
12136,Michael Porter Jr.,DEN,24.0,208.28,218.0,Missouri,USA,2018.0,1.0,14.0,9,9.9,6.6,1.9,9.8,0.035,0.172,0.192,0.416,0.085,2021-22,2021-22,2021
12137,Mike Conley,UTA,34.0,185.42,175.0,Ohio State,USA,2007.0,1.0,4.0,72,13.7,3.0,5.3,7.7,0.023,0.079,0.2019999999999999,0.5720000000000001,0.281,2021-22,2021-22,2021
12138,Mike Muscala,OKC,30.0,208.28,240.0,Bucknell,USA,2013.0,2.0,44.0,43,8.0,3.0,0.5,1.8,0.032,0.166,0.198,0.63,0.06,2021-22,2021-22,2021
12139,Miles Bridges,CHA,24.0,200.66,225.0,Michigan State,USA,2018.0,1.0,12.0,80,20.2,7.0,3.8,2.1,0.03,0.158,0.2239999999999999,0.593,0.153,2021-22,2021-22,2021
12140,Miles McBride,NYK,21.0,185.42,195.0,West Virginia,USA,2021.0,2.0,36.0,40,2.2,1.1,1.0,13.0,0.011,0.0969999999999999,0.1369999999999999,0.3929999999999999,0.159,2021-22,2021-22,2021
12141,Mitchell Robinson,NYK,24.0,213.36,240.0,Western Kentucky,USA,2018.0,2.0,36.0,72,8.5,8.6,0.5,-2.1,0.145,0.171,0.11,0.722,0.032,2021-22,2021-22,2021
12142,Miye Oni,UTA,24.0,195.58,206.0,Yale,USA,2019.0,2.0,58.0,16,0.3,0.4,0.3,-33.3,0.024,0.118,0.095,0.265,0.179,2021-22,2021-22,2021
12143,Mikal Bridges,PHX,25.0,198.12,209.0,Villanova,USA,2018.0,1.0,10.0,82,14.2,4.2,2.3,9.8,0.027,0.089,0.149,0.627,0.084,2021-22,2021-22,2021
12144,Monte Morris,DEN,27.0,187.96,183.0,Iowa State,USA,2017.0,2.0,51.0,75,12.6,3.0,4.4,6.0,0.013,0.087,0.173,0.583,0.201,2021-22,2021-22,2021
12145,Matt Mooney,NYK,27.0,187.96,199.0,Texas Tech,USA,,,,1,0.0,0.0,0.0,-100.0,0.0,0.0,0.4,0.0,0.0,2021-22,2021-22,2021
12146,Mason Plumlee,CHA,32.0,210.82,254.0,Duke,USA,2013.0,1.0,22.0,73,6.5,7.7,3.1,0.9,0.091,0.205,0.1169999999999999,0.603,0.165,2021-22,2021-22,2021
12147,Malik Fitts,BOS,24.0,195.58,230.0,,USA,,,,15,1.4,1.1,0.3,-16.3,0.033,0.185,0.139,0.5529999999999999,0.125,2021-22,2021-22,2021
12148,Malik Monk,LAL,24.0,190.5,200.0,Kentucky,USA,2017.0,1.0,11.0,76,13.8,3.4,2.9,0.3,0.017,0.099,0.195,0.597,0.144,2021-22,2021-22,2021
12149,Malik Newman,CLE,25.0,190.5,190.0,Kansas,USA,2018.0,,,1,8.0,1.0,1.0,8.3,0.0,0.1,0.4379999999999999,0.68,1.0,2021-22,2021-22,2021
12150,Mamadi Diakite,OKC,25.0,205.74,228.0,Virginia,Guinea,,,,13,4.3,4.5,0.2,-3.2,0.084,0.216,0.136,0.54,0.018,2021-22,2021-22,2021
12151,Marcus Garrett,MIA,23.0,195.58,205.0,Kansas,USA,,,,12,1.1,1.9,0.6,5.8,0.072,0.108,0.086,0.28,0.069,2021-22,2021-22,2021
12152,Marcus Morris Sr.,LAC,32.0,203.2,218.0,Kansas,USA,2011.0,1.0,14.0,54,15.4,4.4,2.1,-4.8,0.016,0.129,0.228,0.5489999999999999,0.114,2021-22,2021-22,2021
12153,Matisse Thybulle,PHI,25.0,195.58,201.0,Washington,USA,2019.0,1.0,20.0,66,5.7,2.3,1.1,3.8,0.026,0.064,0.095,0.594,0.063,2021-22,2021-22,2021
12154,Marcus Smart,BOS,28.0,193.04,220.0,Oklahoma State,USA,2014.0,1.0,6.0,71,12.1,3.8,5.9,9.3,0.018,0.093,0.179,0.54,0.245,2021-22,2021-22,2021
12155,Markieff Morris,MIA,32.0,205.74,245.0,Kansas,USA,2011.0,1.0,13.0,17,7.6,2.6,1.4,4.5,0.059,0.089,0.1969999999999999,0.547,0.1159999999999999,2021-22,2021-22,2021
12156,Marko Simonovic,CHI,22.0,210.82,220.0,,Montenegro,2020.0,2.0,44.0,9,1.9,1.1,0.0,1.2,0.122,0.119,0.247,0.428,0.0,2021-22,2021-22,2021
12157,Markus Howard,DEN,23.0,177.8,175.0,Marquette,USA,,,,31,4.1,0.4,0.2,-4.9,0.01,0.064,0.264,0.5670000000000001,0.068,2021-22,2021-22,2021
12158,Marquese Chriss,DAL,24.0,205.74,240.0,Washington,USA,2016.0,1.0,8.0,34,4.5,3.0,0.5,-2.1,0.096,0.1969999999999999,0.205,0.518,0.079,2021-22,2021-22,2021
12159,Marvin Bagley III,DET,23.0,210.82,235.0,Duke,USA,2018.0,1.0,2.0,48,11.3,7.0,0.8,-5.6,0.084,0.2,0.191,0.551,0.049,2021-22,2021-22,2021
12160,Mason Jones,LAL,23.0,193.04,200.0,Arkansas,USA,,,,4,6.8,2.5,1.0,22.8,0.02,0.148,0.18,0.625,0.129,2021-22,2021-22,2021
12161,Markelle Fultz,ORL,24.0,193.04,209.0,Washington,USA,2017.0,1.0,1.0,18,10.8,2.7,5.5,-5.3,0.01,0.1159999999999999,0.265,0.517,0.4479999999999999,2021-22,2021-22,2021
12162,Rudy Gay,UTA,35.0,203.2,250.0,Connecticut,USA,2006.0,1.0,8.0,55,8.1,4.4,1.0,8.7,0.05,0.166,0.185,0.539,0.078,2021-22,2021-22,2021
12163,Micah Potter,DET,24.0,208.28,248.0,Wisconsin,USA,,,,3,4.0,3.0,0.0,-56.4,0.095,0.125,0.148,0.505,0.0,2021-22,2021-22,2021
12164,Rui Hachimura,WAS,24.0,203.2,230.0,Gonzaga,Japan,2019.0,1.0,9.0,42,11.3,3.8,1.1,-7.1,0.027,0.143,0.205,0.579,0.08,2021-22,2021-22,2021
12165,Justin Champagnie,TOR,21.0,198.12,206.0,Pittsburgh,USA,,,,36,2.3,2.0,0.3,7.4,0.111,0.126,0.111,0.5710000000000001,0.051,2021-22,2021-22,2021
12166,Justin Holiday,SAC,33.0,198.12,180.0,Washington,USA,,,,74,10.1,2.6,1.7,-5.1,0.0139999999999999,0.08,0.156,0.5429999999999999,0.086,2021-22,2021-22,2021
12167,Justin Jackson,PHX,27.0,203.2,220.0,UNC,USA,2017.0,1.0,15.0,7,2.1,1.0,0.3,-15.6,0.019,0.1669999999999999,0.177,0.472,0.125,2021-22,2021-22,2021
12168,Justin Robinson,DET,24.0,185.42,195.0,Virginia Tech,USA,2019.0,,,25,3.1,0.8,1.3,-17.5,0.011,0.051,0.153,0.4039999999999999,0.175,2021-22,2021-22,2021
12169,Justise Winslow,POR,26.0,198.12,222.0,Duke,USA,2015.0,1.0,10.0,48,5.7,4.2,1.8,2.1,0.06,0.177,0.178,0.479,0.155,2021-22,2021-22,2021
12170,Jusuf Nurkic,POR,27.0,210.82,290.0,,Bosnia and Herzegovina,2014.0,1.0,16.0,56,15.0,11.1,2.8,-0.1,0.1009999999999999,0.283,0.233,0.586,0.16,2021-22,2021-22,2021
12171,Juwan Morgan,BOS,25.0,200.66,232.0,Indiana,USA,,,,2,2.5,2.0,0.5,-26.2,0.061,0.065,0.04,0.833,0.043,2021-22,2021-22,2021
12172,KZ Okpala,MIA,23.0,203.2,215.0,Stanford,USA,2019.0,2.0,32.0,21,3.7,2.0,0.7,2.7,0.044,0.118,0.141,0.521,0.0819999999999999,2021-22,2021-22,2021
12173,Kai Jones,CHA,21.0,208.28,221.0,Texas-Austin,Bahamas,2021.0,1.0,19.0,21,1.0,0.5,0.2,-11.1,0.045,0.114,0.15,0.628,0.103,2021-22,2021-22,2021
12174,Karl-Anthony Towns,MIN,26.0,210.82,248.0,Kentucky,USA,2015.0,1.0,1.0,74,24.6,9.8,3.6,5.3,0.074,0.21,0.272,0.64,0.177,2021-22,2021-22,2021
12175,Keifer Sykes,IND,28.0,180.34,167.0,Wisc.-Green Bay,USA,,,,32,5.6,1.4,1.9,-4.5,0.0139999999999999,0.069,0.174,0.456,0.162,2021-22,2021-22,2021
12176,Keita Bates-Diop,SAS,26.0,203.2,229.0,Ohio State,USA,2018.0,2.0,48.0,59,5.7,3.9,0.7,0.8,0.061,0.163,0.144,0.578,0.059,2021-22,2021-22,2021
12177,Kelan Martin,BOS,26.0,195.58,230.0,Butler,USA,,,,30,5.7,1.8,0.7,-6.2,0.035,0.086,0.18,0.484,0.072,2021-22,2021-22,2021
12178,Keldon Johnson,SAS,22.0,198.12,220.0,Kentucky,USA,2019.0,1.0,29.0,75,17.0,6.1,2.1,2.1,0.031,0.148,0.21,0.574,0.091,2021-22,2021-22,2021
12179,Keljin Blevins,POR,26.0,193.04,200.0,Montana State,USA,2019.0,,,31,3.1,1.5,0.6,-27.7,0.042,0.09,0.161,0.41,0.083,2021-22,2021-22,2021
12180,Kelly Olynyk,DET,31.0,210.82,240.0,Gonzaga,Canada,2013.0,1.0,13.0,40,9.1,4.4,2.8,-4.9,0.067,0.17,0.207,0.561,0.214,2021-22,2021-22,2021
12181,Kelly Oubre Jr.,CHA,26.0,198.12,203.0,Kansas,USA,2015.0,1.0,15.0,76,15.0,4.0,1.1,-0.2,0.036,0.106,0.223,0.56,0.063,2021-22,2021-22,2021
12182,Kevon Looney,GSW,26.0,205.74,222.0,UCLA,USA,2015.0,1.0,30.0,82,6.0,7.3,2.0,6.0,0.12,0.21,0.12,0.586,0.127,2021-22,2021-22,2021
12183,Kevin Porter Jr.,HOU,22.0,193.04,203.0,Southern California,USA,2019.0,1.0,30.0,61,15.6,4.4,6.2,-6.7,0.022,0.111,0.239,0.531,0.302,2021-22,2021-22,2021
12184,Kevin Pangos,CLE,29.0,185.42,179.0,Gonzaga,Canada,,,,24,1.6,0.5,1.3,-12.1,0.012,0.057,0.143,0.408,0.246,2021-22,2021-22,2021
12185,Kevin Love,CLE,33.0,203.2,251.0,UCLA,USA,2008.0,1.0,5.0,74,13.6,7.2,2.2,1.5,0.051,0.258,0.239,0.594,0.153,2021-22,2021-22,2021
12186,Kevin Knox II,ATL,22.0,200.66,215.0,Kentucky,USA,2018.0,1.0,9.0,30,3.1,1.5,0.3,-15.1,0.055,0.127,0.187,0.491,0.077,2021-22,2021-22,2021
12187,Kevin Huerter,ATL,23.0,200.66,198.0,Maryland,USA,2018.0,1.0,19.0,74,12.1,3.4,2.7,3.8,0.0139999999999999,0.098,0.1689999999999999,0.57,0.125,2021-22,2021-22,2021
12188,Justin Anderson,IND,28.0,195.58,231.0,Virginia,USA,2015.0,1.0,21.0,16,6.4,2.9,2.1,-0.1,0.013,0.142,0.149,0.493,0.135,2021-22,2021-22,2021
12189,Kevin Durant,BKN,33.0,208.28,240.0,Texas-Austin,USA,2007.0,1.0,2.0,55,29.9,7.4,6.4,6.5,0.015,0.166,0.31,0.634,0.2739999999999999,2021-22,2021-22,2021
12190,Keon Johnson,POR,20.0,193.04,185.0,Tennessee,USA,2021.0,1.0,21.0,37,7.2,2.2,2.1,-19.0,0.031,0.083,0.207,0.4529999999999999,0.174,2021-22,2021-22,2021
12191,Kenyon Martin Jr.,HOU,21.0,195.58,215.0,,USA,2020.0,2.0,52.0,79,8.8,3.8,1.3,-6.9,0.047,0.131,0.158,0.603,0.091,2021-22,2021-22,2021
12192,Kentavious Caldwell-Pope,WAS,29.0,195.58,204.0,Georgia,USA,2013.0,1.0,8.0,77,13.2,3.4,1.9,-4.7,0.018,0.093,0.185,0.568,0.09,2021-22,2021-22,2021
12193,Kent Bazemore,LAL,32.0,193.04,195.0,Old Dominion,USA,,,,39,3.4,1.8,0.9,-8.9,0.022,0.0969999999999999,0.128,0.451,0.085,2021-22,2021-22,2021
12194,Kenrich Williams,OKC,27.0,198.12,210.0,TCU,USA,,,,49,7.4,4.5,2.2,1.7,0.062,0.123,0.153,0.532,0.159,2021-22,2021-22,2021
12195,Kemba Walker,NYK,32.0,182.88,184.0,Connecticut,USA,2011.0,1.0,9.0,37,11.6,3.0,3.5,-9.1,0.0139999999999999,0.099,0.2019999999999999,0.537,0.22,2021-22,2021-22,2021
12196,Kessler Edwards,BKN,21.0,200.66,203.0,Pepperdine,USA,2021.0,2.0,44.0,48,5.9,3.6,0.6,-3.3,0.043,0.124,0.132,0.516,0.04,2021-22,2021-22,2021
12197,Julius Randle,NYK,27.0,203.2,250.0,Kentucky,USA,2014.0,1.0,7.0,72,20.1,9.9,5.1,-3.6,0.045,0.225,0.2789999999999999,0.509,0.251,2021-22,2021-22,2021
12198,Juancho Hernangomez,UTA,26.0,205.74,214.0,,Spain,2016.0,1.0,15.0,40,3.3,2.5,0.5,0.5,0.063,0.155,0.133,0.542,0.064,2021-22,2021-22,2021
12199,Juan Toscano-Anderson,GSW,29.0,198.12,209.0,Marquette,USA,,,,73,4.1,2.4,1.7,2.9,0.03,0.143,0.144,0.561,0.18,2021-22,2021-22,2021
12200,Jon Teske,MEM,25.0,215.9,265.0,Michigan,USA,,,,3,0.0,0.7,0.3,-7.1,0.0,0.286,0.1,0.0,0.1669999999999999,2021-22,2021-22,2021
12201,John Konchar,MEM,26.0,195.58,210.0,Indiana-Purdue Fort Wayne,USA,,,,72,4.8,4.6,1.5,2.7,0.059,0.182,0.0969999999999999,0.615,0.109,2021-22,2021-22,2021
12202,John Collins,ATL,24.0,205.74,226.0,Wake Forest,USA,2017.0,1.0,19.0,54,16.2,7.8,1.8,0.8,0.0559999999999999,0.19,0.2019999999999999,0.61,0.088,2021-22,2021-22,2021
12203,Joel Embiid,PHI,28.0,213.36,280.0,Kansas,Cameroon,2014.0,1.0,3.0,68,30.6,11.7,4.2,7.9,0.068,0.273,0.375,0.616,0.236,2021-22,2021-22,2021
12204,Joel Ayayi,WAS,22.0,193.04,180.0,Gonzaga,France,,,,7,0.3,0.4,0.6,12.2,0.037,0.105,0.133,0.1669999999999999,0.364,2021-22,2021-22,2021
12205,Joe Wieskamp,SAS,22.0,198.12,205.0,Iowa,USA,2021.0,2.0,41.0,29,2.1,0.5,0.3,1.5,0.017,0.045,0.129,0.494,0.065,2021-22,2021-22,2021
12206,Jonas Valanciunas,NOP,30.0,210.82,265.0,,Lithuania,2011.0,1.0,5.0,74,17.8,11.4,2.6,1.2,0.1,0.28,0.238,0.617,0.1369999999999999,2021-22,2021-22,2021
12207,Joe Johnson,BOS,41.0,200.66,240.0,Arkansas,USA,2001.0,1.0,10.0,1,2.0,0.0,0.0,-100.0,0.0,0.0,0.2,1.0,0.0,2021-22,2021-22,2021
12208,Joe Harris,BKN,30.0,198.12,220.0,Virginia,USA,2014.0,2.0,33.0,14,11.3,4.0,1.0,1.1,0.012,0.109,0.146,0.624,0.047,2021-22,2021-22,2021
12209,Jock Landale,SAS,26.0,210.82,255.0,,Australia,,,,54,4.9,2.6,0.8,-1.1,0.094,0.118,0.172,0.597,0.115,2021-22,2021-22,2021
12210,Jimmy Butler,MIA,32.0,200.66,230.0,Marquette,USA,2011.0,1.0,30.0,57,21.4,5.9,5.5,6.1,0.055,0.125,0.26,0.5920000000000001,0.264,2021-22,2021-22,2021
12211,Jevon Carter,MIL,26.0,185.42,200.0,West Virginia,USA,2018.0,2.0,32.0,66,4.2,1.7,1.5,-3.0,0.0139999999999999,0.0969999999999999,0.135,0.531,0.148,2021-22,2021-22,2021
12212,Rudy Gobert,UTA,30.0,215.9,258.0,,France,2013.0,1.0,27.0,66,15.6,14.7,1.1,9.6,0.114,0.312,0.166,0.732,0.052,2021-22,2021-22,2021
12213,Jericho Sims,NYK,23.0,205.74,250.0,Texas-Austin,USA,2021.0,2.0,58.0,41,2.2,4.1,0.5,6.5,0.108,0.187,0.068,0.674,0.054,2021-22,2021-22,2021
12214,Joe Ingles,POR,34.0,203.2,220.0,,Australia,,,,45,7.2,2.9,3.5,8.2,0.01,0.099,0.129,0.551,0.195,2021-22,2021-22,2021
12215,Khem Birch,TOR,29.0,205.74,233.0,UNLV,Canada,,,,55,4.5,4.3,1.0,-0.1,0.1119999999999999,0.128,0.108,0.534,0.074,2021-22,2021-22,2021
12216,Jonathan Kuminga,GSW,19.0,200.66,225.0,,DRC,2021.0,1.0,7.0,70,9.3,3.3,0.9,1.9,0.047,0.139,0.2269999999999999,0.6,0.087,2021-22,2021-22,2021
12217,Jordan Clarkson,UTA,30.0,193.04,194.0,Missouri,USA,2014.0,2.0,46.0,79,16.0,3.5,2.5,8.7,0.03,0.091,0.258,0.532,0.144,2021-22,2021-22,2021
12218,Jrue Holiday,MIL,32.0,190.5,205.0,UCLA,USA,2009.0,1.0,17.0,67,18.3,4.5,6.8,8.5,0.031,0.1,0.231,0.593,0.297,2021-22,2021-22,2021
12219,Josh Richardson,SAS,28.0,195.58,200.0,Tennessee,USA,2015.0,2.0,40.0,65,10.2,2.8,1.8,4.5,0.026,0.087,0.171,0.573,0.105,2021-22,2021-22,2021
12220,Josh Okogie,MIN,23.0,193.04,213.0,Georgia Tech,Nigeria,2018.0,1.0,20.0,49,2.7,1.4,0.5,2.5,0.049,0.077,0.115,0.526,0.066,2021-22,2021-22,2021
12221,Josh Jackson,SAC,25.0,203.2,207.0,Kansas,USA,2017.0,1.0,4.0,51,6.4,2.8,1.1,-8.6,0.025,0.149,0.196,0.491,0.105,2021-22,2021-22,2021
12222,Josh Hart,POR,27.0,195.58,215.0,Villanova,USA,2017.0,1.0,30.0,54,14.9,7.2,4.1,-4.9,0.033,0.183,0.184,0.61,0.19,2021-22,2021-22,2021
12223,Josh Green,DAL,21.0,195.58,200.0,Arizona,Australia,2020.0,1.0,18.0,67,4.8,2.4,1.2,3.7,0.049,0.105,0.13,0.578,0.11,2021-22,2021-22,2021
12224,Jordan Bell,CHI,27.0,200.66,216.0,Oregon,USA,2017.0,2.0,38.0,1,0.0,1.0,0.0,25.0,0.5,0.0,0.0,0.0,0.0,2021-22,2021-22,2021
12225,Josh Giddey,OKC,19.0,203.2,205.0,,Australia,2021.0,1.0,6.0,54,12.5,7.8,6.4,-8.3,0.052,0.175,0.218,0.478,0.325,2021-22,2021-22,2021
12226,Jose Alvarado,NOP,24.0,182.88,179.0,Georgia Tech,USA,,,,54,6.1,1.9,2.8,7.3,0.0289999999999999,0.094,0.174,0.52,0.261,2021-22,2021-22,2021
12227,Jordan Schakel,WAS,24.0,198.12,200.0,San Diego State,USA,,,,4,1.3,2.0,0.0,7.9,0.063,0.188,0.191,0.21,0.0,2021-22,2021-22,2021
12228,Jordan Poole,GSW,23.0,193.04,194.0,Michigan,USA,2019.0,1.0,28.0,76,18.5,3.4,4.0,6.6,0.015,0.094,0.252,0.598,0.207,2021-22,2021-22,2021
12229,Jordan Nwora,MIL,23.0,203.2,225.0,Louisville,USA,2020.0,2.0,45.0,62,7.9,3.6,1.0,-3.0,0.03,0.147,0.187,0.506,0.071,2021-22,2021-22,2021
12230,Darius Garland,CLE,22.0,185.42,192.0,Vanderbilt,USA,2019.0,1.0,5.0,68,21.7,3.3,8.6,6.6,0.017,0.074,0.272,0.5760000000000001,0.3779999999999999,2021-22,2021-22,2021
12231,Jordan Goodwin,WAS,23.0,190.5,200.0,St. Louis,USA,,,,2,0.0,0.5,0.0,-110.0,0.0,0.2,0.25,0.0,0.0,2021-22,2021-22,2021
12232,Josh Christopher,HOU,20.0,190.5,215.0,Arizona State,USA,2021.0,1.0,24.0,74,7.9,2.5,2.0,-9.2,0.037,0.103,0.205,0.534,0.17,2021-22,2021-22,2021
12233,Khris Middleton,MIL,30.0,200.66,222.0,Texas A&M,USA,2012.0,2.0,39.0,66,20.1,5.4,5.4,5.4,0.019,0.136,0.255,0.5770000000000001,0.246,2021-22,2021-22,2021
12234,Joshua Primo,SAS,19.0,193.04,189.0,Alabama,Canada,2021.0,1.0,12.0,50,5.8,2.3,1.6,-3.3,0.031,0.079,0.152,0.487,0.111,2021-22,2021-22,2021
12235,Killian Tillie,MEM,24.0,205.74,220.0,Gonzaga,France,,,,36,3.3,1.7,0.6,3.4,0.04,0.085,0.128,0.452,0.061,2021-22,2021-22,2021
12236,Shaq Buchanan,MEM,25.0,190.5,190.0,Murray State,USA,,,,2,1.0,1.0,1.0,-8.7,0.091,0.143,0.214,0.25,0.25,2021-22,2021-22,2021
12237,Shaquille Harrison,BKN,28.0,193.04,195.0,Tulsa,USA,,,,2,2.0,2.0,1.5,-12.4,0.053,0.125,0.148,0.3329999999999999,0.188,2021-22,2021-22,2021
12238,Sharife Cooper,ATL,21.0,185.42,176.0,Auburn,USA,2021.0,2.0,48.0,13,0.5,0.4,0.4,-43.9,0.0,0.147,0.2019999999999999,0.25,0.313,2021-22,2021-22,2021
12239,Skylar Mays,ATL,24.0,193.04,205.0,Louisiana State,USA,2020.0,2.0,50.0,28,2.9,0.9,0.6,-12.9,0.022,0.091,0.149,0.589,0.12,2021-22,2021-22,2021
12240,Solomon Hill,ATL,31.0,198.12,226.0,Arizona,USA,2013.0,1.0,23.0,13,0.6,1.8,0.9,14.3,0.043,0.115,0.064,0.2,0.1169999999999999,2021-22,2021-22,2021
12241,Spencer Dinwiddie,DAL,29.0,198.12,215.0,Colorado,USA,2014.0,2.0,38.0,67,13.7,4.2,5.2,-1.0,0.022,0.111,0.208,0.5429999999999999,0.27,2021-22,2021-22,2021
12242,Shake Milton,PHI,25.0,195.58,205.0,Southern Methodist,USA,2018.0,2.0,54.0,55,8.2,2.6,2.5,-1.0,0.025,0.094,0.174,0.517,0.178,2021-22,2021-22,2021
12243,Stanley Johnson,LAL,26.0,198.12,242.0,Arizona,USA,2015.0,1.0,8.0,48,6.7,3.2,1.7,-1.1,0.032,0.109,0.125,0.564,0.094,2021-22,2021-22,2021
12244,Sterling Brown,DAL,27.0,195.58,219.0,Southern Methodist,USA,2017.0,2.0,46.0,49,3.3,3.0,0.7,2.3,0.039,0.187,0.124,0.495,0.078,2021-22,2021-22,2021
12245,Steven Adams,MEM,28.0,210.82,265.0,Pittsburgh,New Zealand,2013.0,1.0,12.0,76,6.9,10.0,3.4,8.3,0.159,0.198,0.118,0.56,0.155,2021-22,2021-22,2021
12246,Svi Mykhailiuk,TOR,25.0,200.66,205.0,Kansas,Ukraine,2018.0,2.0,47.0,56,4.6,1.6,0.8,-5.9,0.024,0.1009999999999999,0.161,0.509,0.094,2021-22,2021-22,2021
12247,T.J. McConnell,IND,30.0,185.42,190.0,Arizona,USA,2015.0,0.0,,27,8.5,3.3,4.9,-5.5,0.0289999999999999,0.11,0.157,0.525,0.287,2021-22,2021-22,2021
12248,Tacko Fall,CLE,26.0,228.6,311.0,UCF,Senegal,,,,11,1.1,2.1,0.2,-0.8,0.115,0.271,0.124,0.3979999999999999,0.048,2021-22,2021-22,2021
12249,Taj Gibson,NYK,37.0,205.74,232.0,Southern California,USA,2009.0,1.0,26.0,52,4.4,4.4,0.6,3.3,0.088,0.139,0.099,0.606,0.05,2021-22,2021-22,2021
12250,Stephen Curry,GSW,34.0,187.96,185.0,Davidson,USA,2009.0,1.0,7.0,64,25.5,5.2,6.3,10.7,0.015,0.126,0.293,0.601,0.286,2021-22,2021-22,2021
12251,Talen Horton-Tucker,LAL,21.0,193.04,234.0,Iowa State,USA,2019.0,2.0,46.0,60,10.0,3.2,2.7,-2.2,0.024,0.1,0.1889999999999999,0.503,0.153,2021-22,2021-22,2021
12252,Seth Curry,BKN,31.0,187.96,185.0,Duke,USA,,,,64,15.0,3.1,3.6,4.5,0.01,0.0819999999999999,0.182,0.615,0.162,2021-22,2021-22,2021
12253,Semi Ojeleye,LAC,27.0,198.12,240.0,Southern Methodist,USA,2017.0,2.0,37.0,30,3.3,2.5,0.3,-16.6,0.057,0.111,0.126,0.4379999999999999,0.033,2021-22,2021-22,2021
12254,Russell Westbrook,LAL,33.0,190.5,200.0,UCLA,USA,2008.0,1.0,4.0,78,18.5,7.4,7.1,-4.0,0.039,0.165,0.264,0.512,0.311,2021-22,2021-22,2021
12255,Ryan Arcidiacono,NYK,28.0,190.5,195.0,Villanova,USA,,,,10,1.6,0.8,0.4,-8.2,0.0,0.105,0.085,0.667,0.091,2021-22,2021-22,2021
12256,Killian Hayes,DET,20.0,195.58,195.0,,France,2020.0,1.0,7.0,66,6.9,3.2,4.2,-10.3,0.02,0.108,0.154,0.461,0.243,2021-22,2021-22,2021
12257,Saben Lee,DET,23.0,187.96,183.0,Vanderbilt,USA,2020.0,2.0,38.0,37,5.6,2.4,2.9,-5.7,0.026,0.113,0.1689999999999999,0.499,0.2739999999999999,2021-22,2021-22,2021
12258,Saddiq Bey,DET,23.0,200.66,215.0,Villanova,USA,2020.0,1.0,19.0,82,16.1,5.4,2.8,-9.3,0.035,0.125,0.209,0.529,0.138,2021-22,2021-22,2021
12259,Sam Dekker,TOR,28.0,203.2,219.0,Wisconsin,USA,2015.0,1.0,18.0,1,0.0,0.0,0.0,-250.0,0.0,0.0,0.0,0.0,0.0,2021-22,2021-22,2021
12260,Serge Ibaka,MIL,32.0,208.28,235.0,,Republic of the Congo,2008.0,1.0,24.0,54,6.8,4.6,0.9,-3.0,0.07,0.1969999999999999,0.172,0.579,0.084,2021-22,2021-22,2021
12261,Sam Hauser,BOS,24.0,200.66,217.0,Virginia,USA,,,,26,2.5,1.1,0.4,-0.3,0.03,0.133,0.136,0.65,0.095,2021-22,2021-22,2021
12262,Sandro Mamukelashvili,MIL,23.0,205.74,240.0,Seton Hall,Georgia,2021.0,2.0,54.0,41,3.8,2.0,0.5,-17.6,0.079,0.1159999999999999,0.142,0.618,0.084,2021-22,2021-22,2021
12263,Santi Aldama,MEM,21.0,210.82,215.0,Loyola-Maryland,Spain,2021.0,1.0,30.0,32,4.1,2.7,0.7,1.3,0.077,0.15,0.174,0.452,0.08,2021-22,2021-22,2021
12264,Scottie Barnes,TOR,20.0,200.66,225.0,Florida State,USA,2021.0,1.0,4.0,74,15.3,7.5,3.5,1.8,0.068,0.141,0.187,0.552,0.15,2021-22,2021-22,2021
12265,Scottie Lewis,CHA,22.0,195.58,185.0,Florida,USA,2021.0,2.0,56.0,2,0.5,0.0,0.5,-11.8,0.0,0.0,0.059,0.568,0.2,2021-22,2021-22,2021
12266,Scotty Hopson,OKC,32.0,200.66,204.0,Tennessee,USA,2011.0,0.0,0.0,1,4.0,1.0,1.0,-18.4,0.0,0.043,0.143,0.5,0.091,2021-22,2021-22,2021
12267,Sekou Doumbouya,LAL,21.0,205.74,230.0,,France,2019.0,1.0,15.0,2,7.0,3.0,0.0,67.8,0.111,0.182,0.286,0.7170000000000001,0.0,2021-22,2021-22,2021
12268,Sam Merrill,MEM,26.0,193.04,205.0,Utah State,USA,2020.0,2.0,60.0,6,4.2,1.2,0.7,-11.1,0.012,0.107,0.178,0.485,0.108,2021-22,2021-22,2021
12269,Taurean Prince,MIN,28.0,198.12,218.0,Baylor,USA,2016.0,1.0,12.0,69,7.3,2.5,1.0,0.7,0.021,0.12,0.166,0.589,0.08,2021-22,2021-22,2021
12270,Shai Gilgeous-Alexander,OKC,23.0,198.12,180.0,Kentucky,Canada,2018.0,1.0,11.0,56,24.5,5.0,5.9,-6.4,0.017,0.114,0.298,0.557,0.293,2021-22,2021-22,2021
12271,Terence Davis,SAC,25.0,193.04,201.0,Mississippi,USA,,,,30,10.4,3.1,1.3,4.4,0.019,0.138,0.244,0.5429999999999999,0.107,2021-22,2021-22,2021
12272,Tre Jones,SAS,22.0,185.42,185.0,Duke,USA,2020.0,2.0,41.0,69,6.0,2.2,3.4,-0.5,0.024,0.103,0.151,0.545,0.28,2021-22,2021-22,2021
12273,Tre Mann,OKC,21.0,190.5,178.0,Florida,USA,2021.0,1.0,18.0,60,10.4,2.9,1.5,-10.3,0.017,0.1009999999999999,0.213,0.501,0.108,2021-22,2021-22,2021
12274,Tremont Waters,WAS,24.0,177.8,175.0,LSU,USA,2019.0,2.0,51.0,3,3.3,1.3,2.3,-17.1,0.0,0.077,0.15,0.357,0.179,2021-22,2021-22,2021
12275,Trendon Watford,POR,21.0,203.2,237.0,Louisiana State,USA,,,,48,7.6,4.1,1.7,-17.9,0.06,0.163,0.1689999999999999,0.59,0.152,2021-22,2021-22,2021
12276,Kira Lewis Jr.,NOP,21.0,185.42,170.0,Alabama,USA,2020.0,1.0,13.0,24,5.9,1.6,2.0,-14.1,0.023,0.083,0.209,0.466,0.239,2021-22,2021-22,2021
12277,Trevelin Queen,HOU,25.0,198.12,190.0,New Mexico State,USA,,,,10,4.3,1.6,0.4,5.6,0.091,0.134,0.2189999999999999,0.619,0.074,2021-22,2021-22,2021
12278,Trayvon Palmer,DET,27.0,198.12,200.0,Chicago St.,USA,,,,1,0.0,2.0,0.0,-33.0,0.0,0.133,0.053,0.0,0.0,2021-22,2021-22,2021
12279,Trevon Scott,CLE,25.0,203.2,225.0,Cincinnati,USA,,,,2,3.0,1.0,0.0,19.4,0.071,0.083,0.207,0.5,0.0,2021-22,2021-22,2021
12280,Trey Burke,DAL,29.0,182.88,185.0,Michigan,USA,2013.0,1.0,9.0,42,5.1,0.8,1.4,-0.5,0.009,0.064,0.25,0.475,0.2189999999999999,2021-22,2021-22,2021
12281,Trey Lyles,SAC,26.0,205.74,234.0,Kentucky,Canada,2015.0,1.0,12.0,75,10.5,5.1,1.2,-7.2,0.0559999999999999,0.1889999999999999,0.205,0.588,0.09,2021-22,2021-22,2021
12282,Trey Murphy III,NOP,22.0,203.2,206.0,Virginia,USA,2021.0,1.0,17.0,62,5.4,2.4,0.6,0.3,0.049,0.122,0.147,0.5579999999999999,0.065,2021-22,2021-22,2021
12283,Terance Mann,LAC,25.0,195.58,215.0,Florida State,USA,2019.0,2.0,48.0,81,10.8,5.2,2.6,1.5,0.044,0.127,0.157,0.5720000000000001,0.131,2021-22,2021-22,2021
12284,Tristan Thompson,CHI,31.0,205.74,254.0,Texas-Austin,Canada,2011.0,1.0,4.0,57,6.0,5.1,0.6,-3.6,0.125,0.196,0.168,0.541,0.054,2021-22,2021-22,2021
12285,Klay Thompson,GSW,32.0,198.12,220.0,Washington State,USA,2011.0,1.0,11.0,32,20.4,3.9,2.8,3.3,0.015,0.106,0.284,0.547,0.153,2021-22,2021-22,2021
12286,Trevor Ariza,LAL,37.0,203.2,215.0,UCLA,USA,2004.0,2.0,43.0,24,4.0,3.4,1.1,-5.3,0.02,0.151,0.11,0.449,0.079,2021-22,2021-22,2021
12287,Trae Young,ATL,23.0,185.42,164.0,Oklahoma,USA,2018.0,1.0,5.0,76,28.4,3.7,9.7,2.3,0.019,0.087,0.3329999999999999,0.603,0.442,2021-22,2021-22,2021
12288,Trent Forrest,UTA,24.0,193.04,210.0,Florida State,USA,,,,60,3.3,1.7,1.8,4.5,0.031,0.093,0.124,0.5539999999999999,0.188,2021-22,2021-22,2021
12289,Theo Maledon,OKC,21.0,193.04,175.0,,France,2020.0,2.0,34.0,51,7.1,2.6,2.2,-10.5,0.02,0.118,0.201,0.5,0.188,2021-22,2021-22,2021
12290,Terrence Ross,ORL,31.0,198.12,206.0,Washington,USA,2012.0,1.0,8.0,63,10.0,2.6,1.8,-11.9,0.013,0.094,0.196,0.515,0.127,2021-22,2021-22,2021
12291,Terry Taylor,IND,22.0,195.58,230.0,Austin Peay,USA,,,,33,9.6,5.2,1.2,-6.9,0.129,0.1169999999999999,0.151,0.6559999999999999,0.081,2021-22,2021-22,2021
12292,Thaddeus Young,TOR,34.0,203.2,235.0,Georgia Tech,USA,2007.0,1.0,12.0,52,6.2,4.0,2.0,-0.2,0.088,0.152,0.1689999999999999,0.5479999999999999,0.177,2021-22,2021-22,2021
12293,Thanasis Antetokounmpo,MIL,29.0,198.12,219.0,,Greece,2014.0,2.0,51.0,48,3.6,2.1,0.5,-10.1,0.083,0.129,0.155,0.5770000000000001,0.071,2021-22,2021-22,2021
12294,Theo Pinson,DAL,26.0,195.58,212.0,North Carolina,USA,,,,19,2.5,1.1,0.9,-12.4,0.012,0.124,0.138,0.5529999999999999,0.181,2021-22,2021-22,2021
12295,Thomas Bryant,WAS,24.0,208.28,248.0,Indiana,USA,2017.0,2.0,42.0,27,7.4,4.0,0.9,-9.1,0.06,0.187,0.188,0.607,0.083,2021-22,2021-22,2021
12296,Torrey Craig,PHX,31.0,200.66,221.0,South Carolina Upstate,USA,,,,78,6.6,4.0,1.2,-5.0,0.05,0.1369999999999999,0.139,0.556,0.0819999999999999,2021-22,2021-22,2021
12297,Tim Frazier,CLE,31.0,182.88,170.0,Penn State,USA,,,,12,3.3,1.6,2.8,-17.5,0.024,0.066,0.1369999999999999,0.3979999999999999,0.254,2021-22,2021-22,2021
12298,Tim Hardaway Jr.,DAL,30.0,195.58,205.0,Michigan,USA,2013.0,1.0,24.0,42,14.2,3.7,2.2,1.3,0.01,0.114,0.214,0.52,0.115,2021-22,2021-22,2021
12299,Timothe Luwawu-Cabarrot,ATL,27.0,200.66,215.0,,France,2016.0,1.0,24.0,52,4.4,1.6,0.8,-3.5,0.024,0.094,0.135,0.556,0.08,2021-22,2021-22,2021
12300,Tobias Harris,PHI,29.0,200.66,226.0,Tennessee,USA,2011.0,1.0,19.0,73,17.2,6.8,3.5,3.2,0.032,0.1639999999999999,0.214,0.5660000000000001,0.158,2021-22,2021-22,2021
12301,Tomas Satoransky,WAS,30.0,200.66,210.0,,Czech Republic,2012.0,2.0,32.0,55,3.6,2.3,3.3,-8.0,0.0289999999999999,0.11,0.124,0.461,0.285,2021-22,2021-22,2021
12302,Tony Bradley,CHI,24.0,208.28,248.0,North Carolina,USA,2017.0,1.0,28.0,55,3.0,3.4,0.5,5.2,0.123,0.196,0.128,0.6,0.065,2021-22,2021-22,2021
12303,Tony Snell,NOP,30.0,198.12,213.0,New Mexico,USA,2013.0,1.0,20.0,53,3.5,1.9,0.5,-7.8,0.018,0.107,0.099,0.541,0.047,2021-22,2021-22,2021
12304,Terry Rozier,CHA,28.0,185.42,190.0,Louisville,USA,2015.0,1.0,16.0,73,19.3,4.3,4.5,1.4,0.021,0.1009999999999999,0.2269999999999999,0.5660000000000001,0.1969999999999999,2021-22,2021-22,2021
